id,current_age,retirement_age,birth_year,birth_month,gender,address,latitude,longitude,per_capita_income,yearly_income,total_debt,credit_score,num_credit_cards,per_capita_income_rupiah,yearly_income_rupiah,total_debt_rupiah,kategori_user,credit_category
825,53,66,1966,11,Female,462 Rose Lane,34.15,-117.76,29278,59696,127613,787,5,468448000,955136000,2041808000,Boros,Very Good
1746,53,68,1966,12,Female,3606 Federal Boulevard,40.76,-73.74,37891,77254,191349,701,5,606256000,1236064000,3061584000,Boros,Good
1718,81,67,1938,11,Female,766 Third Drive,34.02,-117.89,22681,33483,196,698,5,362896000,535728000,3136000,Hemat,Good
708,63,63,1957,1,Female,3 Madison Street,40.71,-73.99,163145,249925,202328,722,4,2610320000,3998800000,3237248000,Boros,Good
1164,43,70,1976,9,Male,9620 Valley Stream Drive,37.76,-122.44,53797,109687,183855,675,1,860752000,1754992000,2941680000,Boros,Good
68,42,70,1977,10,Male,58 Birch Lane,41.55,-90.6,20599,41997,0,704,3,329584000,671952000,0,Normal,Good
1075,36,67,1983,12,Female,5695 Fifth Street,38.22,-85.74,25258,51500,102286,672,3,404128000,824000000,1636576000,Boros,Good
1711,26,67,1993,12,Male,1941 Ninth Street,45.51,-122.64,26790,54623,114711,728,1,428640000,873968000,1835376000,Boros,Good
1116,81,66,1938,7,Female,11 Spruce Avenue,40.32,-75.32,26273,42509,2895,755,5,420368000,680144000,46320000,Normal,Very Good
1752,34,60,1986,1,Female,887 Grant Street,29.97,-92.12,18730,38190,81262,810,1,299680000,611040000,1300192000,Normal,Excellent
192,27,66,1992,6,Male,888 Fifth Lane,38.65,-121.25,27548,56164,15224,761,2,440768000,898624000,243584000,Boros,Very Good
640,29,63,1990,9,Female,8677 Littlewood Lane,40.42,-104.74,22427,45727,94016,629,1,358832000,731632000,1504256000,Normal,Fair
1679,18,67,2002,1,Female,829 Fourth Boulevard,41.76,-71.48,33914,69149,89214,776,1,542624000,1106384000,1427424000,Boros,Very Good
1094,34,62,1985,10,Male,74786 Jefferson Drive,44.75,-85.6,20325,41442,78833,712,3,325200000,663072000,1261328000,Normal,Good
1590,48,62,1971,5,Female,781 East Street,29.45,-98.5,10059,20513,32509,599,1,160944000,328208000,520144000,Hemat,Fair
1660,41,68,1978,4,Female,40 Washington Drive,36.73,-102.51,11342,23123,5079,723,6,181472000,369968000,81264000,Hemat,Good
1747,54,71,1966,1,Male,3994 Hillside Drive,32.15,-94.79,17898,36497,38333,719,6,286368000,583952000,613328000,Normal,Good
153,76,71,1943,8,Female,172 Birch Street,35.29,-111.32,21950,27484,16803,660,4,351200000,439744000,268848000,Hemat,Fair
429,22,68,1997,11,Male,8145 Spruce Boulevard,35.19,-80.83,26481,53995,89056,683,3,423696000,863920000,1424896000,Boros,Good
511,66,68,1953,10,Male,153 Tenth Lane,32.21,-110.88,17460,35602,55369,661,5,279360000,569632000,885904000,Normal,Fair
309,28,57,1991,8,Male,2473 Lake Avenue,32.07,-82.91,12321,25122,43205,819,3,197136000,401952000,691280000,Hemat,Excellent
777,18,65,2002,1,Male,970 Essex Drive,37.37,-122.21,106305,216740,0,700,2,1700880000,3467840000,0,Boros,Good
1946,76,66,1943,6,Male,9186 Washington Avenue,41.47,-81.67,19524,41109,21486,698,2,312384000,657744000,343776000,Normal,Good
1674,70,64,1949,4,Male,5073 Wessex Avenue,35.49,-90.35,14172,26858,11245,712,2,226752000,429728000,179920000,Hemat,Good
482,45,65,1975,1,Male,195 Eighth Boulevard,42.39,-122.93,17131,34929,63849,714,1,274096000,558864000,1021584000,Hemat,Good
877,36,63,1983,8,Female,801 Mill Boulevard,33.44,-111.85,16829,34317,61826,610,3,269264000,549072000,989216000,Hemat,Fair
128,40,66,1979,4,Female,6914 Wessex Avenue,29.76,-95.38,15389,31377,59615,722,2,246224000,502032000,953840000,Hemat,Good
775,37,58,1982,9,Male,776 Norfolk Boulevard,34.17,-118.46,21402,43638,104052,627,1,342432000,698208000,1664832000,Normal,Fair
1536,41,67,1978,11,Male,2015 Bayview Avenue,36.15,-85.5,15955,32531,38260,766,2,255280000,520496000,612160000,Hemat,Very Good
140,37,72,1983,2,Female,108 Washington Street,36.28,-86.83,20657,42120,72801,739,4,330512000,673920000,1164816000,Normal,Good
1884,18,64,2001,5,Male,660 Seventh Drive,39.98,-82.98,28092,57281,89114,850,1,449472000,916496000,1425824000,Boros,Excellent
1874,49,66,1970,9,Male,7505 Tenth Boulevard,25.77,-80.2,18828,38390,87923,783,4,301248000,614240000,1406768000,Normal,Very Good
1310,33,69,1986,9,Female,4930 Birch Drive,33.92,-78.02,17498,35670,58182,751,2,279968000,570720000,930912000,Normal,Very Good
1689,21,66,1998,9,Female,93 Plum Lane,41.29,-72.36,30281,61746,154817,637,2,484496000,987936000,2477072000,Boros,Fair
379,47,65,1972,11,Female,837 Lincoln Avenue,30.68,-88.04,21331,43496,114563,765,3,341296000,695936000,1833008000,Normal,Very Good
34,41,55,1978,8,Male,7467 Spruce Drive,38.48,-121.34,25431,51854,72162,737,2,406896000,829664000,1154592000,Boros,Good
822,51,68,1968,4,Female,6323 Sussex Boulevard,32.61,-117.03,16942,34540,22641,793,5,271072000,552640000,362256000,Hemat,Very Good
1499,46,62,1973,11,Male,8738 Fourth Street,41.97,-88.14,20248,41287,88151,662,1,323968000,660592000,1410416000,Normal,Fair
1780,46,70,1973,10,Male,9344 Mill Drive,36.62,-121.82,18663,38054,63293,666,1,298608000,608864000,1012688000,Normal,Fair
1806,59,62,1961,2,Female,299 11th Street,42.31,-71.64,39418,80371,108499,822,1,630688000,1285936000,1735984000,Boros,Excellent
811,91,68,1929,2,Female,5492 Maple Drive,38.9,-94.68,51642,84694,2149,741,7,826272000,1355104000,34384000,Boros,Very Good
1844,79,72,1941,2,Male,829 Birch Boulevard,27.8,-97.39,23608,37503,14272,706,5,377728000,600048000,228352000,Normal,Good
1852,57,75,1962,12,Male,41011 Seventh Boulevard,33.27,-111.94,32056,65357,21844,685,4,512896000,1045712000,349504000,Boros,Good
1231,26,52,1994,1,Female,613 Little Creek Lane,26.41,-81.42,10819,22066,38967,842,1,173104000,353056000,623472000,Hemat,Excellent
970,42,66,1977,11,Male,1942 Rose Avenue,29.1,-81.0,21916,44681,42011,770,3,350656000,714896000,672176000,Normal,Very Good
381,26,69,1994,2,Male,5101 Birch Lane,38.72,-90.47,25163,51306,68198,675,1,402608000,820896000,1091168000,Boros,Good
1134,18,59,2002,2,Female,7 11th Drive,29.45,-98.5,12677,25847,46379,568,1,202832000,413552000,742064000,Hemat,Poor
1296,60,64,1959,11,Female,2468 Spruce Drive,28.7,-81.34,22896,46683,93126,788,5,366336000,746928000,1490016000,Normal,Very Good
1880,61,66,1958,11,Male,8001 Essex Boulevard,43.06,-87.96,15487,31579,52419,771,3,247792000,505264000,838704000,Hemat,Very Good
322,47,65,1972,10,Male,708 George Street,31.22,-84.21,13759,28055,12475,829,3,220144000,448880000,199600000,Hemat,Excellent
461,42,68,1977,12,Female,28 Hillside Boulevard,42.3,-83.48,32078,65403,80057,784,4,513248000,1046448000,1280912000,Boros,Very Good
1165,55,73,1964,11,Female,446 Birch Drive,36.37,-84.12,13522,27572,59404,797,1,216352000,441152000,950464000,Hemat,Very Good
1448,48,70,1971,12,Female,578 Maple Avenue,35.05,-82.09,18899,38539,0,850,3,302384000,616624000,0,Normal,Excellent
1288,41,57,1978,7,Female,14 Valley Drive,38.47,-81.81,18666,38059,68220,634,2,298656000,608944000,1091520000,Normal,Fair
1178,59,68,1960,11,Female,2475 Little Creek Boulevard,30.56,-97.86,25872,52754,38191,693,5,413952000,844064000,611056000,Boros,Good
1391,45,59,1975,2,Male,9604 Catherine Drive,40.72,-73.86,25109,51196,67164,631,4,401744000,819136000,1074624000,Boros,Fair
838,26,70,1993,7,Male,349 First Drive,33.78,-84.44,24382,49713,91776,763,1,390112000,795408000,1468416000,Boros,Very Good
54,21,68,1998,4,Female,7914 Essex Boulevard,41.66,-83.58,21660,44160,134173,696,3,346560000,706560000,2146768000,Normal,Good
1452,46,59,1973,5,Female,524 Ocean Drive,29.76,-95.38,95039,193773,241571,660,1,1520624000,3100368000,3865136000,Boros,Fair
1602,41,66,1979,2,Female,2079 Maple Drive,40.38,-77.88,14650,29864,44902,717,2,234400000,477824000,718432000,Hemat,Good
1938,22,67,1997,7,Male,295 Valley Drive,29.45,-98.5,28135,57367,115418,795,2,450160000,917872000,1846688000,Boros,Very Good
1492,63,58,1957,2,Female,2883 Ocean View Boulevard,47.32,-121.99,32697,56635,13015,786,8,523152000,906160000,208240000,Boros,Very Good
688,44,67,1975,3,Male,5125 Elm Drive,41.31,-111.96,23165,47227,151030,760,4,370640000,755632000,2416480000,Normal,Very Good
749,22,68,1997,10,Male,4098 Park Drive,32.75,-97.33,12051,24574,80667,674,3,192816000,393184000,1290672000,Hemat,Good
643,29,65,1991,1,Female,892 Spruce Street,40.69,-73.75,21283,43397,42168,697,2,340528000,694352000,674688000,Normal,Good
1219,28,72,1991,6,Female,9977 Oak Avenue,38.68,-76.17,28497,58105,70254,688,3,455952000,929680000,1124064000,Boros,Good
1198,82,67,1937,6,Male,79 South Boulevard,29.5,-97.44,15092,10869,1820,820,2,241472000,173904000,29120000,Hemat,Excellent
898,90,66,1929,6,Female,145 River Drive,40.59,-75.47,12427,19893,1712,566,3,198832000,318288000,27392000,Hemat,Poor
882,63,65,1956,8,Male,7605 Essex Boulevard,40.39,-82.47,18019,36743,71719,612,2,288304000,587888000,1147504000,Normal,Fair
348,49,70,1970,7,Female,480 Seventh Lane,40.22,-74.76,22747,46377,79980,719,3,363952000,742032000,1279680000,Normal,Good
633,36,69,1983,10,Female,5506 Fifth Boulevard,33.88,-118.27,24611,50179,110515,743,1,393776000,802864000,1768240000,Boros,Very Good
1493,30,65,1989,11,Male,136 Spruce Street,38.22,-122.55,26748,54537,121987,765,4,427968000,872592000,1951792000,Boros,Very Good
1161,23,66,1996,12,Male,306 First Drive,28.68,-81.51,24155,49255,6557,823,2,386480000,788080000,104912000,Boros,Excellent
217,42,65,1977,10,Male,272 Burns Boulevard,41.77,-87.82,15221,31031,21853,744,7,243536000,496496000,349648000,Hemat,Very Good
1877,65,66,1955,1,Male,190 Sixth Drive,32.92,-96.45,34659,70673,87605,714,4,554544000,1130768000,1401680000,Boros,Good
668,87,57,1932,10,Female,8569 Wessex Boulevard,33.52,-86.79,13263,16342,1758,747,5,212208000,261472000,28128000,Hemat,Very Good
533,22,65,1997,9,Male,385 Lexington Boulevard,32.71,-102.65,15183,30961,42597,677,1,242928000,495376000,681552000,Hemat,Good
203,58,67,1961,3,Female,407 Park Lane,32.9,-80.93,14864,30305,23392,776,3,237824000,484880000,374272000,Hemat,Very Good
1738,30,68,1989,3,Male,5142 Little Creek Street,35.67,-97.41,33736,68784,198417,696,4,539776000,1100544000,3174672000,Boros,Good
713,25,71,1994,8,Female,224 Mountain View Boulevard,48.19,-114.38,17040,34745,26503,691,4,272640000,555920000,424048000,Hemat,Good
1631,18,67,2001,11,Female,4735 Fifth Avenue,30.44,-91.12,31741,64715,174664,740,3,507856000,1035440000,2794624000,Boros,Very Good
1487,59,69,1961,2,Female,4793 North Street,40.69,-80.01,39464,80464,76261,727,3,631424000,1287424000,1220176000,Boros,Good
1265,18,67,2002,2,Female,72 El Camino Boulevard,40.43,-79.97,24400,49748,23161,748,1,390400000,795968000,370576000,Boros,Very Good
370,61,58,1958,11,Male,381 Fifth Lane,34.07,-117.62,16113,41904,12545,655,4,257808000,670464000,200720000,Normal,Fair
1014,54,70,1965,9,Female,393 Mountain View Lane,33.6,-117.82,96516,196784,437533,729,3,1544256000,3148544000,7000528000,Boros,Good
290,27,66,1992,3,Female,293 Wessex Street,42.4,-83.6,49458,100837,61377,687,2,791328000,1613392000,982032000,Boros,Good
985,32,65,1987,6,Male,7276 Fourth Drive,42.8,-83.71,25334,51654,95454,600,4,405344000,826464000,1527264000,Boros,Fair
135,64,69,1955,6,Female,327 Lafayette Boulevard,39.72,-82.59,18680,38088,51679,691,2,298880000,609408000,826864000,Normal,Good
307,18,69,2001,8,Male,2846 Lake Avenue,30.23,-92.81,18082,36866,0,680,2,289312000,589856000,0,Normal,Good
1783,52,70,1967,9,Male,2093 Ocean Street,37.78,-122.24,18443,37607,63689,749,5,295088000,601712000,1019024000,Normal,Very Good
1321,49,66,1970,10,Female,981 Fifth Boulevard,40.26,-103.79,16910,34480,58795,696,1,270560000,551680000,940720000,Hemat,Good
1511,43,66,1977,1,Male,18 Norfolk Boulevard,43.07,-89.38,23680,48279,114254,719,2,378880000,772464000,1828064000,Boros,Good
900,36,65,1983,7,Male,977 Littlewood Avenue,30.17,-85.67,16133,32896,69800,735,2,258128000,526336000,1116800000,Hemat,Good
953,18,71,2001,6,Male,993 Mountain View Avenue,33.78,-117.33,14667,29909,42832,664,2,234672000,478544000,685312000,Hemat,Fair
233,37,64,1982,12,Female,896 Rose Street,44.96,-93.26,23278,47464,83591,716,1,372448000,759424000,1337456000,Normal,Good
406,23,64,1996,5,Female,2418 Mill Drive,37.3,-122.0,41750,85128,108678,641,1,668000000,1362048000,1738848000,Boros,Fair
1069,54,69,1965,9,Male,3683 Fifth Street,35.3,-81.03,22487,45852,114746,615,2,359792000,733632000,1835936000,Normal,Fair
180,33,67,1986,7,Female,0 Elm Street,33.53,-112.18,13024,26556,43042,840,2,208384000,424896000,688672000,Hemat,Excellent
996,63,67,1956,11,Female,2302 Catherine Lane,26.02,-80.16,19712,40194,107765,738,6,315392000,643104000,1724240000,Normal,Good
1866,22,67,1998,2,Male,213 Rose Drive,32.85,-96.96,30475,62135,75209,676,2,487600000,994160000,1203344000,Boros,Good
1981,48,65,1972,1,Male,8975 Littlewood Boulevard,26.63,-81.99,19274,39303,23650,702,7,308384000,628848000,378400000,Normal,Good
870,63,64,1956,3,Female,1389 Park Lane,38.64,-76.9,35114,71593,132181,821,3,561824000,1145488000,2114896000,Boros,Excellent
16,75,67,1944,12,Male,2890 Eighth Lane,41.88,-87.84,15451,22158,19101,681,5,247216000,354528000,305616000,Hemat,Good
46,62,66,1957,6,Male,20 Littlewood Boulevard,40.66,-73.84,26481,53996,98211,632,4,423696000,863936000,1571376000,Boros,Fair
800,28,73,1991,10,Female,6413 Second Street,30.44,-87.18,12766,26025,23971,723,4,204256000,416400000,383536000,Hemat,Good
1968,25,69,1994,11,Female,611 Elm Lane,40.94,-73.86,31299,63816,100128,775,1,500784000,1021056000,1602048000,Boros,Very Good
697,56,73,1964,1,Female,889 Martin Luther King Avenue,35.72,-78.84,32485,66230,90248,742,3,519760000,1059680000,1443968000,Boros,Very Good
1269,56,56,1963,10,Male,336 Rose Avenue,41.83,-87.68,25365,36335,28929,676,2,405840000,581360000,462864000,Normal,Good
1782,59,61,1961,2,Female,4254 Plum Lane,33.74,-117.99,19438,39633,58586,777,3,311008000,634128000,937376000,Normal,Very Good
1977,43,69,1976,8,Female,825 Sussex Avenue,41.5,-87.5,28048,57185,0,773,3,448768000,914960000,0,Boros,Very Good
1734,37,69,1982,11,Male,185 Forest Drive,33.95,-84.54,40530,82637,84762,739,2,648480000,1322192000,1356192000,Boros,Good
1913,60,57,1960,1,Female,561 Martin Luther King Avenue,42.47,-83.49,34259,31121,32768,619,5,548144000,497936000,524288000,Hemat,Fair
858,47,67,1972,11,Male,335 Valley Stream Boulevard,29.5,-97.44,15092,30774,51428,700,3,241472000,492384000,822848000,Hemat,Good
606,48,67,1971,12,Male,1773 Hill Street,39.4,-88.8,16300,33236,57549,747,1,260800000,531776000,920784000,Hemat,Very Good
1564,35,65,1984,10,Male,55 Ocean View Street,35.2,-101.81,18613,37947,49951,683,3,297808000,607152000,799216000,Normal,Good
1109,24,65,1995,11,Male,8245 El Camino Lane,37.68,-97.34,21518,43875,128146,639,1,344288000,702000000,2050336000,Normal,Fair
1301,26,66,1993,5,Female,9530 Washington Street,38.1,-122.63,30335,61850,81158,728,9,485360000,989600000,1298528000,Boros,Good
1399,28,71,1991,5,Male,221 Lexington Avenue,32.08,-81.1,19770,40314,131348,707,4,316320000,645024000,2101568000,Normal,Good
1775,26,67,1993,8,Male,2484 Norfolk Drive,38.91,-75.43,18622,37968,55982,788,3,297952000,607488000,895712000,Normal,Very Good
1673,41,67,1978,11,Male,133 Grant Lane,43.46,-85.95,17145,34954,45456,772,3,274320000,559264000,727296000,Hemat,Very Good
1957,40,74,1979,9,Male,1977 Lake Avenue,34.15,-118.6,47055,95945,222735,772,2,752880000,1535120000,3563760000,Boros,Very Good
1033,18,58,2002,2,Female,352 George Street,43.07,-82.49,16598,33844,42109,684,2,265568000,541504000,673744000,Hemat,Good
1024,66,67,1953,4,Male,554 Grant Boulevard,37.69,-97.13,32162,65573,143069,739,4,514592000,1049168000,2289104000,Boros,Good
1441,40,66,1979,7,Male,631 Ocean View Street,43.07,-89.38,23840,48609,43520,737,3,381440000,777744000,696320000,Boros,Good
1103,45,70,1974,5,Female,31 Jefferson Boulevard,47.09,-116.46,12618,25723,34007,746,3,201888000,411568000,544112000,Hemat,Very Good
431,19,72,2000,3,Female,973 Federal Avenue,30.62,-87.89,25495,51984,79152,691,3,407920000,831744000,1266432000,Boros,Good
165,34,65,1986,2,Male,95266 Bayview Drive,37.83,-122.22,52813,107683,225017,694,3,845008000,1722928000,3600272000,Boros,Good
353,24,69,1996,2,Female,932 Essex Street,33.83,-117.2,16109,32847,33514,721,2,257744000,525552000,536224000,Hemat,Good
1758,57,66,1963,1,Male,126 Valley Drive,32.32,-90.2,11061,22556,43260,645,4,176976000,360896000,692160000,Hemat,Fair
1266,35,54,1984,9,Female,239 South Drive,39.51,-76.17,22590,46063,106528,618,1,361440000,737008000,1704448000,Normal,Fair
1943,19,65,2000,9,Female,1134 Valley Drive,41.71,-72.83,46762,95348,71972,706,3,748192000,1525568000,1151552000,Boros,Good
792,28,65,1992,1,Female,5863 Grant Avenue,38.71,-95.08,22158,45180,13168,698,2,354528000,722880000,210688000,Normal,Good
1055,37,69,1982,4,Male,3472 11th Avenue,28.5,-81.37,15137,30865,55079,594,1,242192000,493840000,881264000,Hemat,Fair
1159,20,69,1999,11,Male,5590 Bayview Avenue,43.05,-82.67,20377,41543,49021,732,4,326032000,664688000,784336000,Normal,Good
1115,53,73,1966,9,Male,94 Jefferson Drive,32.32,-95.3,14811,30198,40950,693,6,236976000,483168000,655200000,Hemat,Good
38,45,64,1974,12,Female,582 Birch Boulevard,26.63,-81.85,19621,40006,72794,621,1,313936000,640096000,1164704000,Normal,Fair
1027,53,68,1966,5,Male,809 Mountain View Boulevard,38.88,-94.81,30232,61646,0,693,3,483712000,986336000,0,Boros,Good
11,39,67,1980,10,Female,6339 Fourth Street,39.45,-76.81,33175,67643,0,714,6,530800000,1082288000,0,Boros,Good
871,86,71,1933,5,Female,81 Hill Avenue,42.38,-83.1,13820,22650,0,690,6,221120000,362400000,0,Hemat,Good
746,63,67,1956,10,Male,28136 Wessex Street,40.64,-73.94,14856,30288,42745,689,4,237696000,484608000,683920000,Hemat,Good
1520,67,65,1952,10,Male,8787 Rose Avenue,37.72,-122.44,22549,47213,1082,789,5,360784000,755408000,17312000,Normal,Very Good
1372,76,66,1943,10,Female,96 Ninth Lane,34.95,-96.75,15005,28215,18116,697,2,240080000,451440000,289856000,Hemat,Good
1799,32,55,1987,4,Male,3249 12th Drive,47.75,-122.04,51751,105515,192458,646,4,828016000,1688240000,3079328000,Boros,Fair
1905,36,68,1983,12,Male,9340 Valley Street,27.48,-82.57,13972,28489,6087,808,4,223552000,455824000,97392000,Hemat,Excellent
130,63,69,1956,9,Female,6429 Fifth Avenue,35.19,-80.83,39752,81048,156195,781,4,636032000,1296768000,2499120000,Boros,Very Good
1990,19,62,2000,12,Female,849 George Avenue,38.77,-76.06,23180,47263,74853,726,2,370880000,756208000,1197648000,Normal,Good
593,19,71,2000,7,Male,804 Seventh Boulevard,40.52,-122.32,16585,33816,77770,635,1,265360000,541056000,1244320000,Hemat,Fair
540,25,69,1994,9,Female,76009 Valley Stream Boulevard,42.37,-87.86,15770,32160,62803,634,1,252320000,514560000,1004848000,Hemat,Fair
1155,83,65,1936,8,Female,387 Third Boulevard,31.5,-111.06,15462,29494,1196,689,5,247392000,471904000,19136000,Hemat,Good
663,68,63,1951,3,Female,6398 Lake Lane,35.92,-86.84,36563,70554,39078,655,5,585008000,1128864000,625248000,Boros,Fair
1987,63,62,1956,9,Male,786 12th Drive,42.13,-87.92,23098,33686,24997,488,2,369568000,538976000,399952000,Hemat,Poor
1484,92,72,1927,8,Female,290 Forest Street,32.28,-110.73,30818,57732,2261,726,6,493088000,923712000,36176000,Boros,Good
417,21,65,1998,3,Male,320 Hillside Lane,35.1,-90.0,10730,21879,69638,762,1,171680000,350064000,1114208000,Hemat,Very Good
298,28,65,1991,5,Male,437 Ocean View Drive,40.79,-77.85,25031,51041,106989,686,1,400496000,816656000,1711824000,Boros,Good
306,18,69,2002,1,Male,9850 Birch Drive,42.28,-71.16,34519,70380,106797,725,2,552304000,1126080000,1708752000,Boros,Good
607,25,64,1994,8,Male,55 Third Drive,41.92,-87.81,20902,42617,67590,771,5,334432000,681872000,1081440000,Normal,Very Good
1769,75,65,1944,7,Male,177 Mill Boulevard,39.69,-74.25,21861,46031,8332,661,5,349776000,736496000,133312000,Normal,Fair
698,55,66,1964,10,Female,886 Little Creek Drive,42.62,-73.83,31927,65094,23909,699,3,510832000,1041504000,382544000,Boros,Good
896,27,65,1993,2,Female,327 Seventh Boulevard,38.04,-84.45,18278,37268,50388,626,1,292448000,596288000,806208000,Normal,Fair
1975,53,67,1967,2,Female,8224 Fourth Drive,41.55,-73.03,19114,38972,44098,738,3,305824000,623552000,705568000,Normal,Good
645,63,64,1957,2,Female,174 Catherine Boulevard,33.91,-118.23,13075,26661,42667,750,5,209200000,426576000,682672000,Hemat,Very Good
227,48,66,1971,9,Male,496 Hill Lane,44.96,-93.26,40364,82295,1555,736,4,645824000,1316720000,24880000,Boros,Good
84,47,68,1972,9,Male,23068 Park Street,36.49,-81.5,12630,25748,41455,738,3,202080000,411968000,663280000,Hemat,Good
1684,56,65,1963,11,Male,27019 Madison Lane,36.34,-83.28,13668,27861,108313,782,5,218688000,445776000,1733008000,Hemat,Very Good
745,18,72,2001,12,Male,293 First Boulevard,34.06,-117.17,23820,48561,0,752,1,381120000,776976000,0,Boros,Very Good
1508,66,69,1953,4,Female,8929 Essex Drive,39.16,-86.52,19125,38999,64875,747,4,306000000,623984000,1038000000,Normal,Very Good
1158,62,66,1957,4,Male,1569 George Boulevard,35.78,-78.11,16239,33112,56040,716,2,259824000,529792000,896640000,Hemat,Good
1427,34,66,1985,10,Female,326 Elm Lane,35.19,-80.83,49477,100880,210445,770,1,791632000,1614080000,3367120000,Boros,Very Good
352,22,65,1997,11,Male,32 Valley Drive,34.21,-119.18,18175,37058,50548,680,2,290800000,592928000,808768000,Normal,Good
1948,24,58,1995,3,Male,4132 Norfolk Boulevard,38.95,-76.95,23166,47234,89154,685,3,370656000,755744000,1426464000,Normal,Good
724,45,72,1974,5,Female,819 El Camino Boulevard,35.97,-96.76,17237,35142,107898,731,4,275792000,562272000,1726368000,Hemat,Good
543,43,65,1976,3,Female,742 Lake Street,43.37,-124.14,15069,30721,49961,749,3,241104000,491536000,799376000,Hemat,Very Good
1559,56,67,1963,12,Female,607 George Boulevard,34.05,-84.67,28862,58846,126806,746,3,461792000,941536000,2028896000,Boros,Very Good
1199,29,68,1990,6,Male,704 Eighth Avenue,42.93,-75.38,19161,39069,63884,720,2,306576000,625104000,1022144000,Normal,Good
1745,20,65,2000,2,Female,8643 Lafayette Boulevard,33.94,-83.99,24252,49449,30723,728,3,388032000,791184000,491568000,Boros,Good
1950,39,73,1980,3,Female,63 Plum Street,36.69,-84.47,10942,22312,39445,720,5,175072000,356992000,631120000,Hemat,Good
1397,32,72,1987,4,Male,5381 12th Boulevard,36.88,-94.87,17845,36388,92949,710,4,285520000,582208000,1487184000,Normal,Good
873,52,68,1967,8,Female,65 Fifth Boulevard,28.24,-81.28,22086,45037,31792,710,3,353376000,720592000,508672000,Normal,Good
1728,47,63,1972,10,Female,2614 Eighth Lane,44.35,-89.07,18937,38615,74337,601,4,302992000,617840000,1189392000,Normal,Fair
299,40,61,1979,7,Male,196 Plum Lane,40.84,-73.87,13845,28229,55675,622,5,221520000,451664000,890800000,Hemat,Fair
1742,58,67,1961,11,Female,444 Maple Avenue,40.05,-86.03,24638,50232,1218,751,4,394208000,803712000,19488000,Boros,Very Good
1004,59,66,1960,5,Male,868 Maple Drive,37.2,-87.17,16847,34350,61639,705,3,269552000,549600000,986224000,Hemat,Good
301,47,69,1972,11,Male,6009 River Avenue,34.24,-84.49,25654,52308,135319,679,1,410464000,836928000,2165104000,Boros,Good
1011,27,66,1992,8,Female,2058 Spruce Street,27.75,-82.64,15724,32061,58904,676,1,251584000,512976000,942464000,Hemat,Good
906,75,69,1945,2,Male,6930 East Lane,40.57,-112.33,21749,21154,5764,705,6,347984000,338464000,92224000,Hemat,Good
110,52,72,1967,10,Female,31204 El Camino Lane,30.26,-97.74,25594,52186,42852,737,4,409504000,834976000,685632000,Boros,Good
1073,43,70,1976,5,Female,967 First Avenue,41.19,-85.7,17294,35264,70328,770,2,276704000,564224000,1125248000,Hemat,Very Good
705,84,71,1935,9,Female,136 Hillside Avenue,37.91,-122.01,42234,79870,4031,609,2,675744000,1277920000,64496000,Boros,Fair
820,70,59,1949,12,Female,669 South Street,41.7,-70.3,26762,41902,29713,633,5,428192000,670432000,475408000,Normal,Fair
1188,24,61,1995,8,Female,66992 Second Street,36.3,-115.24,31374,63969,128412,626,1,501984000,1023504000,2054592000,Boros,Fair
1128,47,68,1972,7,Male,208 Park Avenue,44.53,-72.0,16976,34606,23909,680,5,271616000,553696000,382544000,Hemat,Good
1479,32,60,1987,11,Male,335 Main Street,33.72,-84.42,13059,26631,33950,805,1,208944000,426096000,543200000,Hemat,Excellent
1594,39,64,1980,11,Male,532 12th Drive,27.98,-80.66,17645,35978,49366,643,3,282320000,575648000,789856000,Normal,Fair
1485,64,69,1955,10,Male,1350 Lake Drive,33.41,-96.57,24402,49756,89743,618,4,390432000,796096000,1435888000,Boros,Fair
1390,37,71,1982,6,Male,691 First Lane,36.17,-86.78,29868,60897,85771,850,3,477888000,974352000,1372336000,Boros,Excellent
644,58,65,1961,3,Female,511 Grant Avenue,34.42,-84.11,20581,41963,53857,741,1,329296000,671408000,861712000,Normal,Very Good
1912,37,60,1982,7,Female,3510 Mountain View Street,44.96,-93.26,22059,44976,134335,684,1,352944000,719616000,2149360000,Normal,Good
1584,27,69,1992,9,Male,9264 Lake Avenue,32.69,-97.01,22922,46733,34333,692,2,366752000,747728000,549328000,Normal,Good
1803,26,60,1993,4,Female,596 Mountain View Lane,41.66,-70.34,23129,47160,64193,578,1,370064000,754560000,1027088000,Normal,Poor
1824,23,65,1996,7,Male,374 East Lane,40.44,-86.91,24737,50433,97029,838,3,395792000,806928000,1552464000,Boros,Excellent
340,20,63,1999,8,Male,51 George Avenue,47.3,-122.37,25363,51713,86165,809,1,405808000,827408000,1378640000,Boros,Excellent
650,45,65,1974,8,Male,3916 Tenth Boulevard,32.75,-97.33,11876,24215,28552,707,6,190016000,387440000,456832000,Hemat,Good
762,49,59,1970,9,Male,813 Fifth Boulevard,40.63,-82.96,18293,37298,52134,683,1,292688000,596768000,834144000,Normal,Good
1061,25,67,1994,12,Male,8931 Norfolk Drive,33.44,-111.8,19844,40457,68826,739,1,317504000,647312000,1101216000,Normal,Good
1931,58,72,1961,6,Male,8996 Third Street,42.41,-71.16,40694,82974,181429,503,2,651104000,1327584000,2902864000,Boros,Poor
702,46,68,1973,7,Female,33 Tenth Street,40.84,-73.4,34873,71103,136853,721,4,557968000,1137648000,2189648000,Boros,Good
918,43,75,1976,5,Female,5528 Lake Lane,40.32,-80.21,14320,29194,10895,703,2,229120000,467104000,174320000,Hemat,Good
1137,52,67,1967,10,Male,8824 Hillside Avenue,35.32,-82.46,16410,33465,98713,669,3,262560000,535440000,1579408000,Hemat,Fair
66,20,71,1999,6,Female,69 Norfolk Avenue,41.23,-80.81,15361,31314,40331,721,4,245776000,501024000,645296000,Hemat,Good
1406,36,68,1983,7,Male,57 Pine Boulevard,36.12,-95.91,11633,23718,1386,712,2,186128000,379488000,22176000,Hemat,Good
437,46,66,1973,6,Female,9528 Hill Street,39.04,-76.49,35645,72670,28915,718,3,570320000,1162720000,462640000,Boros,Good
806,24,67,1995,4,Female,8251 Park Lane,40.11,-83.13,38243,77972,6128,686,3,611888000,1247552000,98048000,Boros,Good
891,38,66,1981,10,Female,177 Maple Boulevard,35.44,-94.35,17093,34854,40722,746,5,273488000,557664000,651552000,Hemat,Very Good
1191,25,69,1994,12,Female,299 Oak Boulevard,45.19,-123.24,18098,36902,60538,711,1,289568000,590432000,968608000,Normal,Good
701,28,59,1991,12,Female,7087 Plum Street,27.75,-82.64,26476,53984,76118,701,1,423616000,863744000,1217888000,Boros,Good
1147,80,69,1939,3,Male,614 Spruce Avenue,40.6,-74.76,46827,104692,6955,704,2,749232000,1675072000,111280000,Boros,Good
1625,24,66,1995,5,Female,625 Washington Lane,47.67,-122.18,49629,101191,290730,659,1,794064000,1619056000,4651680000,Boros,Fair
1664,38,66,1981,10,Male,311 Fifth Drive,42.27,-83.73,34119,69566,50003,791,4,545904000,1113056000,800048000,Boros,Very Good
1273,21,71,1998,4,Male,966 Sussex Boulevard,41.88,-87.97,24223,49382,43126,762,1,387568000,790112000,690016000,Boros,Very Good
1009,41,65,1979,1,Female,9059 Eighth Avenue,36.01,-82.15,14093,28733,0,702,3,225488000,459728000,0,Hemat,Good
1341,87,72,1932,8,Male,4713 First Boulevard,41.15,-85.48,19914,30349,2985,686,4,318624000,485584000,47760000,Hemat,Good
925,31,68,1988,3,Male,4165 Valley Avenue,38.76,-89.97,28710,58538,93153,610,1,459360000,936608000,1490448000,Boros,Fair
824,32,66,1987,8,Female,38 Catherine Boulevard,27.75,-82.64,18100,36901,23293,695,4,289600000,590416000,372688000,Normal,Good
563,70,65,1950,1,Male,3485 Federal Avenue,39.87,-75.92,24725,49531,6707,737,6,395600000,792496000,107312000,Boros,Good
1612,68,66,1951,8,Male,198 Main Boulevard,41.83,-87.68,20649,35370,14777,562,1,330384000,565920000,236432000,Normal,Poor
1700,45,62,1975,1,Female,891 Fourth Avenue,40.81,-81.93,18962,38666,116783,822,1,303392000,618656000,1868528000,Normal,Excellent
963,24,70,1995,12,Female,8094 Catherine Lane,42.63,-71.32,20458,41714,54541,687,3,327328000,667424000,872656000,Normal,Good
904,32,66,1987,8,Male,41 Plum Boulevard,37.96,-76.51,12018,24505,52405,759,1,192288000,392080000,838480000,Hemat,Very Good
1586,43,65,1977,1,Male,2974 Grant Avenue,40.66,-73.7,27778,56640,104134,672,4,444448000,906240000,1666144000,Boros,Good
1286,53,67,1966,10,Female,456 Lincoln Boulevard,42.76,-78.74,30202,61578,85383,602,2,483232000,985248000,1366128000,Boros,Fair
719,53,66,1966,11,Female,1959 Forest Street,42.27,-89.06,24589,50139,109623,767,3,393424000,802224000,1753968000,Boros,Very Good
1469,21,68,1998,12,Male,74 Hill Avenue,39.12,-97.7,16990,34646,54205,759,1,271840000,554336000,867280000,Hemat,Very Good
930,22,65,1998,1,Male,5274 Martin Luther King Lane,32.75,-97.33,12274,25024,29227,691,2,196384000,400384000,467632000,Hemat,Good
1814,41,68,1979,1,Female,136 South Street,41.83,-87.68,16114,32856,26535,703,3,257824000,525696000,424560000,Hemat,Good
1723,41,66,1978,10,Female,560 Summit Street,39.16,-89.48,17696,36080,80443,839,3,283136000,577280000,1287088000,Normal,Excellent
1377,32,68,1987,11,Female,593 Washington Drive,32.91,-96.62,14535,29637,56446,569,3,232560000,474192000,903136000,Hemat,Poor
470,56,65,1964,2,Male,281 Martin Luther King Avenue,35.14,-96.49,14004,28553,94214,747,3,224064000,456848000,1507424000,Hemat,Very Good
1804,18,65,2001,9,Male,1335 Norfolk Drive,41.56,-70.55,21335,43499,108468,701,4,341360000,695984000,1735488000,Normal,Good
229,35,57,1984,6,Female,47428 First Boulevard,41.8,-91.49,29059,59248,173887,725,5,464944000,947968000,2782192000,Boros,Good
1512,44,65,1975,6,Male,6995 North Drive,39.77,-86.14,32865,67008,81402,778,8,525840000,1072128000,1302432000,Boros,Very Good
1543,31,68,1988,10,Female,5857 12th Avenue,34.14,-118.46,51976,105963,106266,684,4,831616000,1695408000,1700256000,Boros,Good
147,30,66,1989,4,Male,4096 Sussex Avenue,32.35,-86.28,27653,56383,130152,800,4,442448000,902128000,2082432000,Boros,Excellent
1941,38,78,1981,8,Male,2867 Federal Drive,33.14,-95.95,18934,38609,27463,740,3,302944000,617744000,439408000,Normal,Very Good
901,48,66,1971,9,Male,96 11th Street,30.44,-87.18,17987,36671,39882,850,3,287792000,586736000,638112000,Normal,Excellent
191,28,65,1991,10,Male,654 Elm Drive,33.71,-84.53,19550,39860,112825,728,1,312800000,637760000,1805200000,Normal,Good
12,18,63,2002,2,Female,345 George Avenue,38.06,-78.9,18531,37785,58187,748,1,296496000,604560000,930992000,Normal,Very Good
1828,50,68,1969,6,Male,35 Hillside Drive,41.83,-87.68,0,2466,5521,711,2,0,39456000,88336000,Hemat,Good
29,68,60,1951,8,Female,318 Spruce Boulevard,42.47,-70.96,18682,27358,13557,665,2,298912000,437728000,216912000,Hemat,Fair
181,26,65,1994,1,Female,118 12th Avenue,33.86,-84.68,25025,51024,181184,602,1,400400000,816384000,2898944000,Boros,Fair
995,40,64,1979,5,Female,1752 Martin Luther King Avenue,35.46,-97.51,49868,101679,307856,592,1,797888000,1626864000,4925696000,Boros,Fair
1218,20,71,1999,6,Male,982 Plum Boulevard,33.92,-118.2,13632,27801,0,754,1,218112000,444816000,0,Hemat,Very Good
186,61,69,1958,11,Female,49 Bayview Lane,36.1,-115.02,18897,38536,72299,705,1,302352000,616576000,1156784000,Normal,Good
171,43,70,1976,5,Female,5194 Grant Street,34.83,-82.37,24314,49577,142314,694,3,389024000,793232000,2277024000,Boros,Good
1401,24,71,1995,11,Male,9713 Fourth Lane,36.81,-119.75,17985,36672,49660,739,2,287760000,586752000,794560000,Normal,Good
1314,43,70,1976,11,Male,857 Jefferson Avenue,29.7,-98.11,19325,39404,71859,723,5,309200000,630464000,1149744000,Normal,Good
1560,61,60,1958,5,Female,1861 Fourth Boulevard,42.61,-94.14,18849,18452,16827,741,6,301584000,295232000,269232000,Hemat,Very Good
613,39,69,1980,9,Female,7549 Fourth Lane,41.87,-88.01,27741,56562,111495,712,4,443856000,904992000,1783920000,Boros,Good
346,90,74,1929,11,Female,495 Ocean View Lane,34.43,-119.68,25249,48580,1785,687,7,403984000,777280000,28560000,Boros,Good
812,41,67,1978,4,Female,6946 Park Drive,42.78,-72.48,20338,41469,119423,659,1,325408000,663504000,1910768000,Normal,Fair
13,52,61,1967,6,Female,4222 Ocean View Drive,37.89,-85.96,15879,32378,65919,588,4,254064000,518048000,1054704000,Hemat,Fair
602,57,67,1963,1,Male,46 South Street,36.34,-79.67,16888,34437,0,681,4,270208000,550992000,0,Hemat,Good
657,83,68,1936,11,Female,2780 Martin Luther King Drive,44.45,-95.78,20697,33897,533,705,4,331152000,542352000,8528000,Hemat,Good
909,38,64,1981,5,Male,215 Ocean View Drive,47.11,-122.76,24044,49023,66148,583,5,384704000,784368000,1058368000,Boros,Fair
183,24,65,1995,12,Female,84 Second Lane,41.83,-87.68,18937,38609,39867,798,3,302992000,617744000,637872000,Normal,Very Good
1792,18,68,2001,11,Female,1987 Hillside Lane,44.02,-72.23,15062,30712,38054,723,2,240992000,491392000,608864000,Hemat,Good
1599,22,68,1997,7,Male,71 Madison Street,31.84,-106.43,16011,32645,59851,790,3,256176000,522320000,957616000,Hemat,Very Good
1267,81,65,1938,10,Female,9574 Ocean Drive,47.83,-122.32,28248,31912,2182,630,4,451968000,510592000,34912000,Hemat,Fair
411,30,67,1990,1,Male,649 Sussex Street,43.97,-75.91,18401,37521,65701,775,2,294416000,600336000,1051216000,Normal,Very Good
350,62,70,1957,8,Female,102 Seventh Avenue,39.14,-76.77,28673,58463,141151,737,4,458768000,935408000,2258416000,Boros,Good
1323,36,68,1983,3,Female,28 Second Boulevard,32.34,-108.7,15407,31414,42233,719,4,246512000,502624000,675728000,Hemat,Good
934,32,63,1987,12,Female,2017 Ninth Drive,42.38,-76.39,20159,41106,106963,762,3,322544000,657696000,1711408000,Normal,Very Good
421,53,67,1967,1,Female,595 Valley Stream Drive,41.97,-91.66,22502,45876,58252,790,7,360032000,734016000,932032000,Normal,Very Good
223,37,67,1982,10,Female,3748 Mountain View Drive,38.78,-121.37,28760,58637,87340,803,6,460160000,938192000,1397440000,Boros,Excellent
1402,35,63,1984,10,Male,626 Federal Drive,34.72,-92.35,47364,96574,265319,590,3,757824000,1545184000,4245104000,Boros,Fair
1650,18,67,2002,2,Male,701 Pine Drive,40.71,-74.06,21642,44128,142368,687,3,346272000,706048000,2277888000,Normal,Good
354,77,72,1942,8,Female,9 Plum Boulevard,38.86,-104.76,22185,31942,11845,713,6,354960000,511072000,189520000,Hemat,Good
314,27,66,1992,6,Male,1039 Bayview Drive,39.0,-77.4,28410,57927,87736,557,1,454560000,926832000,1403776000,Boros,Poor
1457,20,66,1999,6,Male,11162 Oak Drive,41.57,-93.61,22425,45725,102164,688,4,358800000,731600000,1634624000,Normal,Good
1613,39,65,1980,12,Male,4784 Park Boulevard,44.44,-69.83,21647,44134,0,792,4,346352000,706144000,0,Normal,Very Good
945,19,66,2001,2,Male,751 Birch Avenue,32.79,-117.25,27748,56579,79726,705,2,443968000,905264000,1275616000,Boros,Good
586,37,63,1983,2,Male,372 12th Boulevard,35.57,-82.54,22983,46864,58954,751,4,367728000,749824000,943264000,Normal,Very Good
119,44,67,1975,9,Female,60 Little Creek Avenue,36.16,-115.28,27761,56605,87970,624,3,444176000,905680000,1407520000,Boros,Fair
1312,31,66,1988,4,Female,5190 Grant Street,37.3,-121.8,25115,51209,76900,765,1,401840000,819344000,1230400000,Boros,Very Good
1529,51,69,1968,4,Male,310 Birch Avenue,26.23,-80.13,37424,76305,112785,692,3,598784000,1220880000,1804560000,Boros,Good
326,18,61,2001,3,Male,644 Birch Avenue,40.26,-80.18,30076,61325,83899,652,1,481216000,981200000,1342384000,Boros,Fair
1596,42,69,1977,3,Male,188 Washington Avenue,34.28,-118.44,15583,31772,17286,734,4,249328000,508352000,276576000,Hemat,Good
714,61,67,1958,10,Female,72 Second Street,45.34,-122.66,35992,73383,155191,760,2,575872000,1174128000,2483056000,Boros,Very Good
887,55,66,1964,4,Male,3999 West Lane,42.25,-71.9,26137,53287,51026,816,4,418192000,852592000,816416000,Boros,Excellent
1425,88,67,1931,4,Female,95 Sixth Avenue,35.33,-89.88,19115,19225,1644,809,8,305840000,307600000,26304000,Hemat,Excellent
1645,62,65,1957,11,Female,58 Federal Lane,41.47,-81.85,29692,60541,160456,716,3,475072000,968656000,2567296000,Boros,Good
1863,44,61,1975,12,Female,25 Hill Drive,42.29,-85.22,21639,44124,107162,850,1,346224000,705984000,1714592000,Normal,Excellent
1576,88,65,1932,1,Female,2947 Lake Lane,42.66,-83.38,24578,36764,839,712,8,393248000,588224000,13424000,Normal,Good
1268,47,63,1972,9,Male,857 Catherine Avenue,34.2,-86.15,14516,29597,44388,513,4,232256000,473552000,710208000,Hemat,Poor
1565,37,66,1983,1,Female,33 Mill Street,39.09,-84.51,18959,38656,47523,584,1,303344000,618496000,760368000,Normal,Fair
1842,45,64,1974,10,Male,41307 Main Lane,35.11,-106.62,15385,31373,58481,637,2,246160000,501968000,935696000,Hemat,Fair
664,22,68,1997,4,Female,751 Fifth Street,40.86,-76.78,16519,33681,78326,697,2,264304000,538896000,1253216000,Hemat,Good
485,39,64,1980,10,Male,6889 Summit Lane,35.48,-120.92,18740,38211,84427,665,2,299840000,611376000,1350832000,Normal,Fair
244,40,62,1979,7,Female,8100 Hill Avenue,30.58,-84.58,13144,26802,43444,638,2,210304000,428832000,695104000,Hemat,Fair
145,58,65,1962,1,Female,645 Hillside Lane,36.18,-82.07,12427,25334,182,696,3,198832000,405344000,2912000,Hemat,Good
866,34,67,1985,3,Male,4591 Third Drive,40.43,-79.97,30361,61904,125358,639,3,485776000,990464000,2005728000,Boros,Fair
1424,101,68,1918,5,Female,887 Third Boulevard,35.13,-112.99,13086,15348,1396,761,4,209376000,245568000,22336000,Hemat,Very Good
427,44,66,1975,11,Female,33 Pine Lane,36.15,-85.5,15955,32527,74331,705,3,255280000,520432000,1189296000,Hemat,Good
684,51,63,1969,2,Male,1246 11th Boulevard,26.14,-80.13,21661,44170,90049,661,7,346576000,706720000,1440784000,Normal,Fair
1643,28,64,1991,6,Female,233 Oak Drive,45.47,-122.37,22599,46077,101450,686,1,361584000,737232000,1623200000,Normal,Good
1300,58,66,1961,3,Male,4988 Ocean View Lane,31.13,-93.27,11324,23092,20545,752,4,181184000,369472000,328720000,Hemat,Very Good
283,19,69,2000,11,Male,74 Birch Avenue,40.75,-103.06,15064,30710,30956,680,2,241024000,491360000,495296000,Hemat,Good
355,22,62,1997,11,Female,415 Madison Boulevard,35.87,-96.05,19856,40491,81879,691,2,317696000,647856000,1310064000,Normal,Good
1669,44,62,1975,5,Male,6308 Maple Avenue,38.66,-121.62,25234,51454,151162,698,4,403744000,823264000,2418592000,Boros,Good
937,47,63,1973,1,Female,430 Sixth Avenue,41.01,-73.84,46169,94133,189899,603,1,738704000,1506128000,3038384000,Boros,Fair
845,58,72,1961,8,Male,860 Seventh Avenue,30.42,-86.61,18005,36710,116794,786,5,288080000,587360000,1868704000,Normal,Very Good
1518,62,70,1957,8,Male,313 Martin Luther King Boulevard,34.47,-86.8,18533,37785,81500,745,3,296528000,604560000,1304000000,Normal,Very Good
1591,58,66,1961,6,Female,2200 Third Drive,48.28,-122.62,16537,33717,58236,698,6,264592000,539472000,931776000,Hemat,Good
1172,50,64,1970,2,Male,5154 Sixth Avenue,38.02,-121.3,14709,29994,100834,769,1,235344000,479904000,1613344000,Hemat,Very Good
1629,42,63,1977,6,Female,53789 Bayview Street,26.14,-80.13,14430,29422,58679,598,1,230880000,470752000,938864000,Hemat,Fair
675,40,67,1980,1,Male,42 Martin Luther King Drive,39.92,-77.8,17405,35489,91995,724,5,278480000,567824000,1471920000,Normal,Good
577,28,65,1992,1,Female,769 Madison Drive,32.07,-110.92,16238,33106,108695,763,2,259808000,529696000,1739120000,Hemat,Very Good
854,26,65,1994,2,Female,3716 North Boulevard,41.64,-88.44,29281,59699,71110,688,1,468496000,955184000,1137760000,Boros,Good
1261,58,70,1961,7,Male,610 Oak Street,45.54,-122.64,33737,68787,171854,527,1,539792000,1100592000,2749664000,Boros,Poor
1227,65,67,1954,11,Female,727 Eighth Lane,42.37,-83.46,33031,67344,7049,804,4,528496000,1077504000,112784000,Boros,Excellent
840,68,64,1952,1,Female,651 Fourth Avenue,37.74,-122.44,51692,88432,63075,694,6,827072000,1414912000,1009200000,Boros,Good
733,36,68,1983,7,Male,895 Lexington Lane,31.49,-97.23,26061,53138,153374,606,4,416976000,850208000,2453984000,Boros,Fair
454,88,65,1931,4,Female,9192 Birch Lane,46.87,-96.81,22214,38523,49,751,5,355424000,616368000,784000,Normal,Very Good
961,76,63,1944,2,Male,3031 Essex Street,28.2,-82.59,34909,26660,28332,721,4,558544000,426560000,453312000,Hemat,Good
768,53,67,1966,10,Female,709 River Lane,40.13,-75.06,34043,69412,177225,620,1,544688000,1110592000,2835600000,Boros,Fair
817,26,67,1993,5,Male,91 Lake Street,30.06,-89.93,32314,65888,162364,803,2,517024000,1054208000,2597824000,Boros,Excellent
78,37,63,1983,1,Male,5320 Mountain View Street,33.95,-118.29,12362,25205,65179,688,1,197792000,403280000,1042864000,Hemat,Good
1334,38,65,1981,4,Female,17 Tenth Avenue,43.0,-78.87,19433,39627,47793,718,4,310928000,634032000,764688000,Normal,Good
1610,42,66,1978,1,Female,12150 Mill Boulevard,32.32,-90.2,13717,27967,50159,690,2,219472000,447472000,802544000,Hemat,Good
108,50,68,1969,11,Female,373 Sussex Drive,31.44,-93.45,18709,38142,0,768,4,299344000,610272000,0,Normal,Very Good
1308,36,67,1984,2,Female,28 Lexington Drive,47.36,-122.1,28919,58964,71890,619,1,462704000,943424000,1150240000,Boros,Fair
780,74,66,1945,11,Male,41 Rose Lane,42.35,-71.22,56720,58378,73124,652,1,907520000,934048000,1169984000,Boros,Fair
1340,53,68,1966,8,Male,815 Hillside Drive,29.76,-95.38,26420,53872,64269,691,5,422720000,861952000,1028304000,Boros,Good
1888,75,59,1944,6,Female,7854 Plum Avenue,44.65,-93.17,28429,41513,15899,748,3,454864000,664208000,254384000,Normal,Very Good
247,49,69,1970,7,Female,704 East Drive,30.21,-93.2,26772,54587,69070,761,6,428352000,873392000,1105120000,Boros,Very Good
238,22,62,1997,6,Male,9261 Little Creek Lane,41.41,-82.31,20400,41595,54451,675,1,326400000,665520000,871216000,Normal,Good
915,44,64,1975,4,Male,936 Mill Street,43.08,-76.37,22047,44953,97076,728,1,352752000,719248000,1553216000,Normal,Good
1927,28,65,1991,5,Male,35 Sixth Boulevard,41.07,-85.13,17264,35199,68569,739,2,276224000,563184000,1097104000,Hemat,Good
1658,28,59,1991,3,Female,8128 Hillside Avenue,41.84,-87.75,13891,28324,62363,695,2,222256000,453184000,997808000,Hemat,Good
1208,38,72,1981,9,Male,9541 Ocean View Drive,40.59,-77.57,16375,33387,69066,526,3,262000000,534192000,1105056000,Hemat,Poor
1255,24,67,1995,9,Male,9614 Ocean View Drive,35.37,-85.38,15209,31006,71031,681,2,243344000,496096000,1136496000,Hemat,Good
85,29,60,1990,4,Male,8016 Norfolk Drive,34.92,-76.89,16006,32636,42290,782,1,256096000,522176000,676640000,Hemat,Very Good
1382,58,65,1961,7,Male,16 Eighth Lane,32.79,-96.76,12693,25883,44404,706,4,203088000,414128000,710464000,Hemat,Good
1932,26,60,1993,12,Female,15 Valley Stream Drive,32.59,-116.58,9352,19069,23153,658,1,149632000,305104000,370448000,Hemat,Fair
1217,59,66,1960,12,Female,584 Bayview Street,33.62,-112.0,22070,44992,53368,785,3,353120000,719872000,853888000,Normal,Very Good
514,58,72,1961,8,Male,967 Norfolk Avenue,28.08,-80.6,15840,32295,72357,698,4,253440000,516720000,1157712000,Hemat,Good
232,57,66,1962,5,Female,186 First Drive,41.58,-73.8,33919,69159,135111,786,3,542704000,1106544000,2161776000,Boros,Very Good
445,42,59,1977,12,Female,9864 Fifth Lane,43.88,-85.8,6201,12643,19299,645,1,99216000,202288000,308784000,Hemat,Fair
1206,34,65,1985,9,Female,862 11th Drive,37.89,-122.03,42685,87030,161964,727,3,682960000,1392480000,2591424000,Boros,Good
1276,82,66,1937,6,Female,7236 South Boulevard,41.83,-87.68,25365,41793,1141,730,5,405840000,668688000,18256000,Normal,Good
875,39,71,1981,2,Male,5944 Grant Avenue,33.23,-87.54,20553,41907,87163,728,4,328848000,670512000,1394608000,Normal,Good
1546,48,61,1971,11,Male,70 Second Drive,43.3,-71.33,19781,40336,144284,668,4,316496000,645376000,2308544000,Normal,Fair
422,19,62,2000,11,Female,5378 Lafayette Avenue,39.98,-82.98,15539,31683,46987,817,4,248624000,506928000,751792000,Hemat,Excellent
519,57,67,1962,6,Female,839 East Avenue,36.14,-115.03,19377,39508,18870,770,4,310032000,632128000,301920000,Normal,Very Good
1408,42,67,1978,2,Male,209 George Avenue,33.31,-81.13,12189,24859,43986,683,2,195024000,397744000,703776000,Hemat,Good
1204,42,67,1977,6,Male,583 El Camino Boulevard,42.09,-70.7,34059,69440,129944,743,3,544944000,1111040000,2079104000,Boros,Very Good
276,25,70,1995,1,Male,9892 George Drive,27.53,-99.48,10626,21666,38058,610,2,170016000,346656000,608928000,Hemat,Fair
1133,30,66,1989,10,Female,781 Federal Street,43.11,-77.8,22855,46599,12700,684,4,365680000,745584000,203200000,Normal,Good
1035,22,71,1997,6,Male,3132 Lake Avenue,38.62,-121.32,24781,50525,118160,701,2,396496000,808400000,1890560000,Boros,Good
710,60,68,1959,9,Female,29 12th Avenue,42.12,-89.25,25698,52397,72810,729,3,411168000,838352000,1164960000,Boros,Good
582,53,63,1966,8,Male,415 Lafayette Drive,41.36,-85.23,19236,39222,66559,583,3,307776000,627552000,1064944000,Normal,Fair
821,73,60,1946,7,Male,833 Elm Lane,29.76,-95.38,12434,18015,10463,645,2,198944000,288240000,167408000,Hemat,Fair
1352,65,64,1954,3,Female,8437 Sixth Street,44.75,-85.6,20035,42102,9645,672,3,320560000,673632000,154320000,Normal,Good
831,36,66,1983,10,Male,547 Norfolk Boulevard,41.29,-91.55,18302,37316,37515,726,2,292832000,597056000,600240000,Normal,Good
936,18,67,2001,6,Female,255 Bayview Street,35.15,-119.06,20460,41717,27174,718,5,327360000,667472000,434784000,Normal,Good
578,75,71,1944,8,Male,5934 Essex Boulevard,38.04,-84.45,14920,20797,10127,777,1,238720000,332752000,162032000,Hemat,Very Good
1997,76,69,1943,8,Male,765 Forest Street,44.92,-93.4,39155,38800,25867,758,7,626480000,620800000,413872000,Normal,Very Good
258,51,68,1968,3,Male,572 Mountain View Lane,37.27,-79.95,14528,29622,17385,694,3,232448000,473952000,278160000,Hemat,Good
851,88,65,1931,10,Female,42 Fourth Avenue,38.21,-85.23,19620,31399,2528,757,4,313920000,502384000,40448000,Hemat,Very Good
1951,48,66,1971,5,Female,328 Birch Street,39.13,-76.69,31075,63355,0,708,5,497200000,1013680000,0,Boros,Good
1978,19,71,2000,12,Female,76 Birch Drive,32.76,-94.34,15299,31197,84749,844,2,244784000,499152000,1355984000,Hemat,Excellent
1897,38,67,1981,3,Male,683 Washington Street,40.87,-73.4,51032,104049,247623,741,2,816512000,1664784000,3961968000,Boros,Very Good
972,35,69,1984,5,Male,215 Plum Boulevard,31.84,-106.43,24608,50177,101323,681,4,393728000,802832000,1621168000,Boros,Good
1010,40,64,1979,12,Female,5899 Mill Street,34.17,-82.02,16843,34344,48931,548,1,269488000,549504000,782896000,Hemat,Poor
1243,31,72,1989,1,Female,9316 Hillside Lane,40.27,-76.88,17110,34884,26799,705,5,273760000,558144000,428784000,Hemat,Good
1976,33,69,1986,3,Female,2552 Forest Avenue,39.61,-76.85,27906,56897,0,699,5,446496000,910352000,0,Boros,Good
91,38,72,1981,10,Female,89 Washington Boulevard,39.73,-75.53,35630,72647,90579,739,1,570080000,1162352000,1449264000,Boros,Good
1606,49,66,1970,8,Male,9383 Martin Luther King Street,30.68,-88.04,25381,51755,88605,806,1,406096000,828080000,1417680000,Boros,Excellent
1201,60,66,1959,11,Male,175 Valley Drive,42.36,-71.36,56632,115465,195657,715,4,906112000,1847440000,3130512000,Boros,Good
1887,18,70,2002,1,Male,729 Wessex Drive,26.63,-81.85,17522,35731,71825,503,2,280352000,571696000,1149200000,Normal,Poor
195,18,70,2002,2,Female,5263 Little Creek Drive,28.75,-81.33,31847,64936,107755,688,2,509552000,1038976000,1724080000,Boros,Good
874,24,68,1995,3,Male,4973 Martin Luther King Lane,39.38,-119.67,30757,62711,68777,798,3,492112000,1003376000,1100432000,Boros,Very Good
1317,41,68,1978,7,Female,26 Valley Stream Drive,39.39,-74.51,15157,30910,42507,749,4,242512000,494560000,680112000,Hemat,Very Good
1311,27,71,1992,11,Male,79 Sixth Avenue,47.54,-122.58,21219,43264,89798,729,1,339504000,692224000,1436768000,Normal,Good
785,18,67,2001,11,Male,13 Main Boulevard,38.16,-121.93,23990,48909,71310,740,2,383840000,782544000,1140960000,Boros,Very Good
662,32,71,1987,11,Female,670 Tenth Drive,41.86,-88.06,42028,85694,120733,822,2,672448000,1371104000,1931728000,Boros,Excellent
847,81,68,1938,4,Female,864 Main Lane,35.78,-95.24,18585,27864,1371,591,6,297360000,445824000,21936000,Hemat,Fair
685,21,68,1998,4,Male,5263 Fifth Avenue,44.26,-88.39,21828,44513,105303,778,6,349248000,712208000,1684848000,Normal,Very Good
617,27,69,1992,6,Female,5048 Catherine Drive,38.03,-78.48,28459,58026,133169,691,1,455344000,928416000,2130704000,Boros,Good
23,18,70,2001,5,Female,9085 West Drive,29.8,-98.73,31193,63600,102773,645,1,499088000,1017600000,1644368000,Boros,Fair
339,19,75,2000,7,Female,640 Bayview Street,32.61,-90.03,15597,31797,5400,843,2,249552000,508752000,86400000,Hemat,Excellent
280,40,66,1979,10,Female,3539 Lincoln Boulevard,37.92,-122.34,21869,44585,81825,684,5,349904000,713360000,1309200000,Normal,Good
1473,51,67,1968,11,Female,6541 Fourth Drive,37.04,-93.29,20316,41427,53773,850,3,325056000,662832000,860368000,Normal,Excellent
65,51,72,1968,10,Female,4514 Elm Street,33.99,-81.08,16928,34517,74143,645,2,270848000,552272000,1186288000,Hemat,Fair
1353,50,65,1970,2,Female,655 Federal Avenue,40.46,-111.63,21232,43294,104521,816,7,339712000,692704000,1672336000,Normal,Excellent
736,27,66,1992,9,Female,8440 Park Drive,39.99,-105.09,30072,61317,0,741,3,481152000,981072000,0,Boros,Very Good
1670,68,65,1951,12,Male,46 Lincoln Lane,33.82,-118.11,32079,50184,27778,732,4,513264000,802944000,444448000,Boros,Good
1776,47,75,1972,10,Male,130 Lincoln Drive,40.04,-82.12,21156,43133,44263,693,3,338496000,690128000,708208000,Normal,Good
1474,23,65,1996,12,Female,359 Tenth Avenue,42.5,-96.39,21757,44361,71031,705,1,348112000,709776000,1136496000,Normal,Good
951,57,66,1962,9,Female,381 Catherine Avenue,33.91,-118.23,13075,26664,12241,709,4,209200000,426624000,195856000,Hemat,Good
1818,85,65,1934,6,Female,23 11th Avenue,36.73,-76.04,29485,41843,1741,500,3,471760000,669488000,27856000,Normal,Poor
1450,22,70,1998,2,Male,440 Littlewood Drive,28.08,-80.6,24500,49952,95184,780,1,392000000,799232000,1522944000,Boros,Very Good
1524,26,60,1993,3,Male,118 Mountain View Lane,42.19,-88.08,48986,99883,171034,732,1,783776000,1598128000,2736544000,Boros,Good
1789,40,65,1979,3,Female,57 West Boulevard,38.22,-86.86,18898,38527,36933,684,2,302368000,616432000,590928000,Normal,Good
767,32,63,1988,1,Female,7096 Park Street,43.28,-72.47,18013,36729,48624,686,3,288208000,587664000,777984000,Normal,Good
678,63,67,1957,2,Female,861 Martin Luther King Boulevard,42.88,-78.85,14456,29477,56355,850,4,231296000,471632000,901680000,Hemat,Excellent
471,52,65,1967,9,Male,123 Ocean View Street,38.57,-121.17,35137,71645,155006,629,3,562192000,1146320000,2480096000,Boros,Fair
757,62,65,1957,9,Female,956 Lincoln Boulevard,40.64,-73.94,22674,46232,68957,691,4,362784000,739712000,1103312000,Normal,Good
1724,20,66,1999,5,Female,489 Fourth Drive,41.71,-86.87,18036,36775,102641,850,3,288576000,588400000,1642256000,Normal,Excellent
1603,41,65,1978,12,Male,6515 Hillside Drive,44.65,-114.15,19036,38812,16331,762,4,304576000,620992000,261296000,Normal,Very Good
224,20,67,1999,11,Female,5789 Ninth Drive,40.69,-73.85,19682,40130,55801,798,1,314912000,642080000,892816000,Normal,Very Good
808,38,66,1981,11,Female,1583 Grant Lane,40.78,-73.24,17679,36045,0,683,3,282864000,576720000,0,Normal,Good
1326,52,73,1968,2,Female,292 Maple Drive,40.49,-74.48,32610,66489,83828,731,2,521760000,1063824000,1341248000,Boros,Good
158,31,72,1989,2,Female,5065 Catherine Drive,45.2,-122.06,20343,41475,0,747,2,325488000,663600000,0,Normal,Very Good
1928,56,68,1963,7,Male,273 Ocean Street,45.79,-122.69,27308,55682,82696,750,4,436928000,890912000,1323136000,Boros,Very Good
1575,51,68,1968,5,Female,23 12th Boulevard,27.19,-82.49,28272,57646,127892,724,4,452352000,922336000,2046272000,Boros,Good
1608,19,68,2000,9,Female,1464 Bayview Street,31.85,-102.36,19399,39556,132573,572,1,310384000,632896000,2121168000,Normal,Poor
1455,36,67,1983,12,Male,83 Sixth Drive,32.72,-117.09,16838,34330,15223,713,4,269408000,549280000,243568000,Hemat,Good
1916,82,71,1937,4,Male,62696 Norfolk Drive,30.65,-84.69,15069,10142,1809,767,7,241104000,162272000,28944000,Hemat,Very Good
1617,30,60,1989,10,Male,105 Seventh Street,39.2,-76.85,37697,76867,118029,659,1,603152000,1229872000,1888464000,Boros,Fair
143,22,68,1997,6,Female,5138 Park Drive,41.55,-87.66,25689,52379,107734,771,3,411024000,838064000,1723744000,Boros,Very Good
1176,39,64,1980,10,Male,2411 Hillside Lane,37.94,-87.4,28126,57348,119230,527,3,450016000,917568000,1907680000,Boros,Poor
1194,49,70,1970,3,Male,2248 Third Avenue,35.06,-85.25,18658,38041,27813,782,4,298528000,608656000,445008000,Normal,Very Good
423,28,70,1991,3,Female,19 El Camino Drive,33.62,-112.05,26023,53053,42396,696,2,416368000,848848000,678336000,Boros,Good
580,35,65,1984,5,Male,5094 Lafayette Boulevard,40.55,-84.57,18077,36857,3112,768,3,289232000,589712000,49792000,Normal,Very Good
4,54,72,1965,3,Female,6016 Little Creek Boulevard,47.61,-122.3,37485,76431,115362,716,5,599760000,1222896000,1845792000,Boros,Good
530,78,68,1941,7,Male,34533 Ninth Avenue,34.06,-117.39,14709,18100,0,682,6,235344000,289600000,0,Hemat,Good
1826,45,61,1974,5,Female,94936 Elm Drive,28.92,-81.92,8155,16628,33926,654,1,130480000,266048000,542816000,Hemat,Fair
595,79,66,1941,2,Male,132 Lexington Drive,36.5,-78.55,18100,29041,4427,699,4,289600000,464656000,70832000,Hemat,Good
1022,47,64,1972,12,Female,27 Summit Street,34.98,-80.54,17595,35876,50190,635,3,281520000,574016000,803040000,Normal,Fair
1108,19,67,2000,3,Male,32 First Lane,40.83,-74.24,40216,81995,133788,685,2,643456000,1311920000,2140608000,Boros,Good
246,50,70,1969,9,Female,671 West Drive,44.96,-93.26,40364,82298,0,791,4,645824000,1316768000,0,Boros,Very Good
270,30,62,1989,8,Male,71682 Catherine Street,39.02,-84.56,30367,61916,165886,655,4,485872000,990656000,2654176000,Boros,Fair
1945,56,70,1964,2,Female,7728 Oak Drive,34.72,-92.35,14736,30042,9208,727,4,235776000,480672000,147328000,Hemat,Good
1540,55,61,1964,9,Female,1513 Valley Boulevard,39.33,-84.54,21992,44839,63194,625,3,351872000,717424000,1011104000,Normal,Fair
1149,25,74,1994,12,Male,972 Spruce Avenue,26.14,-80.13,29740,60638,132252,661,1,475840000,970208000,2116032000,Boros,Fair
1438,26,64,1994,1,Female,4631 Plum Avenue,41.47,-81.67,14737,30049,80474,700,1,235792000,480784000,1287584000,Hemat,Good
409,54,65,1965,8,Female,7561 Littlewood Street,42.49,-92.35,14568,29699,6569,711,3,233088000,475184000,105104000,Hemat,Good
694,29,66,1990,5,Male,1598 Elm Street,61.2,-149.82,20519,41836,60302,615,2,328304000,669376000,964832000,Normal,Fair
382,55,68,1964,11,Male,541 Tenth Street,34.0,-118.28,11329,23103,63635,681,3,181264000,369648000,1018160000,Hemat,Good
629,72,70,1947,5,Male,4388 Hillside Street,39.27,-76.83,39053,57513,11755,793,5,624848000,920208000,188080000,Boros,Very Good
1211,66,68,1953,3,Female,644 South Drive,35.1,-90.0,18759,38249,0,746,4,300144000,611984000,0,Normal,Very Good
823,41,65,1978,3,Female,858 Jefferson Avenue,36.7,-76.63,20353,41496,9222,807,2,325648000,663936000,147552000,Normal,Excellent
1304,24,70,1995,8,Female,229 River Avenue,40.99,-74.34,44540,90812,175569,850,3,712640000,1452992000,2809104000,Boros,Excellent
89,35,67,1984,6,Male,7794 Ocean Street,32.27,-106.61,14822,30217,23394,705,4,237152000,483472000,374304000,Hemat,Good
1751,29,66,1990,11,Female,828 Little Creek Boulevard,38.78,-90.7,30202,61581,241312,736,2,483232000,985296000,3860992000,Boros,Good
888,53,67,1966,6,Male,817 Forest Street,34.86,-92.12,16462,33566,96597,698,1,263392000,537056000,1545552000,Hemat,Good
81,66,68,1953,3,Female,804 Sixth Boulevard,29.57,-97.96,17440,35560,60397,723,5,279040000,568960000,966352000,Normal,Good
1021,21,67,1998,11,Female,218 East Street,34.14,-117.85,31699,64630,92847,751,2,507184000,1034080000,1485552000,Boros,Very Good
826,67,60,1952,11,Female,563 Birch Drive,33.98,-83.88,26767,57705,22475,684,3,428272000,923280000,359600000,Boros,Good
87,58,71,1961,5,Male,663 Second Boulevard,26.13,-97.63,11844,24155,2870,802,3,189504000,386480000,45920000,Hemat,Excellent
1833,27,71,1993,1,Male,5514 Norfolk Boulevard,35.58,-88.5,17179,35026,11468,743,5,274864000,560416000,183488000,Hemat,Very Good
829,29,70,1990,3,Female,587 East Lane,35.36,-79.13,17854,36404,11745,726,3,285664000,582464000,187920000,Normal,Good
1879,50,60,1969,5,Male,659 Valley Drive,35.66,-80.48,18724,38179,50559,609,2,299584000,610864000,808944000,Normal,Fair
236,36,65,1983,3,Female,4137 Bayview Drive,29.7,-95.46,79100,161276,317964,540,1,1265600000,2580416000,5087424000,Boros,Poor
1619,31,66,1988,6,Male,693 Seventh Street,33.61,-96.6,15737,32086,53595,747,4,251792000,513376000,857520000,Hemat,Very Good
1146,22,69,1997,3,Female,398 Park Boulevard,41.83,-87.68,18395,37505,57014,714,3,294320000,600080000,912224000,Normal,Good
803,69,73,1951,2,Female,55 El Camino Boulevard,37.53,-120.84,22799,46487,57336,635,3,364784000,743792000,917376000,Normal,Fair
193,23,65,1996,7,Female,4343 Mountain View Boulevard,44.48,-103.84,18583,37891,66163,749,1,297328000,606256000,1058608000,Normal,Very Good
1686,54,67,1965,3,Female,401 North Avenue,39.99,-105.09,30072,61312,25355,708,3,481152000,980992000,405680000,Boros,Good
1959,46,59,1973,4,Male,8750 Lake Boulevard,41.57,-81.2,25565,52130,80367,701,1,409040000,834080000,1285872000,Boros,Good
1342,27,61,1993,1,Female,883 Federal Street,42.91,-78.7,19983,40744,50803,717,1,319728000,651904000,812848000,Normal,Good
1371,86,65,1933,6,Female,143 Catherine Boulevard,21.41,-157.79,24516,49529,1385,689,6,392256000,792464000,22160000,Boros,Good
1067,76,63,1943,12,Male,343 Lafayette Drive,37.54,-97.25,24531,41790,24676,719,5,392496000,668640000,394816000,Normal,Good
1019,81,57,1939,1,Female,482 Grant Street,34.09,-117.96,15775,29928,2028,713,4,252400000,478848000,32448000,Hemat,Good
1568,47,67,1972,5,Female,3816 Spruce Drive,40.67,-73.39,21077,42976,58765,748,3,337232000,687616000,940240000,Normal,Very Good
1765,40,68,1979,3,Male,9594 Burns Lane,33.46,-82.5,15755,32126,56283,770,3,252080000,514016000,900528000,Hemat,Very Good
1875,56,69,1963,4,Male,4966 Grant Street,40.89,-81.58,22170,45202,71022,683,4,354720000,723232000,1136352000,Normal,Good
1111,20,65,1999,3,Female,7132 Rose Avenue,26.63,-81.99,17120,34907,64107,742,3,273920000,558512000,1025712000,Hemat,Very Good
1160,27,65,1992,4,Male,238 Eighth Avenue,41.8,-80.06,16965,34591,65770,688,2,271440000,553456000,1052320000,Hemat,Good
1574,22,69,1997,3,Female,7318 Mill Lane,34.89,-77.54,15661,31933,65405,746,1,250576000,510928000,1046480000,Hemat,Very Good
189,42,70,1978,2,Male,9566 Tenth Street,30.44,-97.62,25584,52165,97248,730,4,409344000,834640000,1555968000,Boros,Good
466,58,64,1961,8,Female,416 Madison Street,40.4,-81.35,14477,29519,45597,643,3,231632000,472304000,729552000,Hemat,Fair
659,57,67,1962,5,Male,5079 Sussex Avenue,38.73,-86.47,15981,32583,12501,812,7,255696000,521328000,200016000,Hemat,Excellent
942,37,65,1982,7,Male,3914 Mill Street,30.3,-90.97,29006,59139,128870,742,4,464096000,946224000,2061920000,Boros,Very Good
1234,44,64,1975,10,Male,7815 Hillside Avenue,29.76,-95.38,30499,62185,114235,749,1,487984000,994960000,1827760000,Boros,Very Good
841,22,67,1997,6,Male,2429 Eighth Avenue,44.63,-123.0,17561,35800,65841,753,2,280976000,572800000,1053456000,Normal,Very Good
1388,26,71,1993,10,Male,4379 Lake Avenue,39.09,-76.85,35553,72485,31605,691,2,568848000,1159760000,505680000,Boros,Good
1056,24,65,1995,3,Female,215 Elm Lane,34.28,-119.22,25524,52036,26232,703,3,408384000,832576000,419712000,Boros,Good
345,33,67,1986,7,Male,67424 Tenth Boulevard,42.24,-85.48,17409,35499,80517,724,1,278544000,567984000,1288272000,Normal,Good
308,44,65,1976,1,Male,3675 Bayview Drive,35.37,-85.38,15209,31015,103094,737,2,243344000,496240000,1649504000,Hemat,Good
1922,79,65,1940,11,Male,127 Valley Boulevard,32.85,-117.2,34848,53222,23051,640,1,557568000,851552000,368816000,Boros,Fair
1156,56,69,1963,6,Female,9603 South Lane,40.74,-74.33,137428,280199,91367,752,5,2198848000,4483184000,1461872000,Boros,Very Good
561,48,67,1971,6,Male,604 Pine Street,40.8,-91.12,18076,36853,112139,834,5,289216000,589648000,1794224000,Normal,Excellent
507,22,70,1998,2,Male,79 Burns Drive,40.81,-74.0,18392,37497,0,695,1,294272000,599952000,0,Normal,Good
1522,88,66,1931,10,Female,41740 First Street,40.94,-74.24,37030,31828,3777,593,3,592480000,509248000,60432000,Hemat,Fair
695,49,68,1970,7,Female,530 Main Boulevard,29.48,-95.1,35246,71866,132580,662,1,563936000,1149856000,2121280000,Boros,Fair
285,62,69,1957,8,Male,702 Elm Drive,36.95,-121.72,16920,34496,33122,731,5,270720000,551936000,529952000,Hemat,Good
113,74,71,1946,1,Female,4 Plum Boulevard,32.86,-97.21,26016,39003,10793,788,5,416256000,624048000,172688000,Normal,Very Good
1039,68,64,1951,3,Male,29 Federal Boulevard,34.04,-118.21,12349,11566,9102,536,4,197584000,185056000,145632000,Hemat,Poor
176,45,71,1974,12,Female,627 Ninth Drive,33.74,-84.31,25586,52172,66085,667,4,409376000,834752000,1057360000,Boros,Fair
1104,91,66,1928,3,Male,120 Lafayette Boulevard,26.23,-80.13,18266,40141,805,850,6,292256000,642256000,12880000,Normal,Excellent
946,48,66,1971,5,Male,2981 Ninth Boulevard,40.31,-79.38,19486,39733,79302,781,4,311776000,635728000,1268832000,Normal,Very Good
1465,29,65,1991,2,Female,8463 Second Street,39.53,-84.08,25333,51651,22705,801,3,405328000,826416000,363280000,Boros,Excellent
25,22,64,1997,3,Female,814 Washington Street,33.36,-111.93,24122,49190,122458,630,1,385952000,787040000,1959328000,Boros,Fair
571,42,68,1977,11,Male,8580 Valley Stream Avenue,39.46,-77.96,18003,36711,84949,739,4,288048000,587376000,1359184000,Normal,Good
1396,22,61,1997,5,Male,666 Lafayette Lane,39.21,-76.72,22728,46344,66994,732,3,363648000,741504000,1071904000,Normal,Good
599,26,71,1993,3,Male,4872 Lexington Avenue,40.36,-75.09,49534,100991,0,722,3,792544000,1615856000,0,Boros,Good
1074,62,65,1957,6,Female,1305 Spruce Boulevard,44.66,-103.85,16097,32819,25393,826,5,257552000,525104000,406288000,Hemat,Excellent
214,30,62,1989,8,Male,437 Madison Street,41.83,-87.68,23446,47803,81929,652,1,375136000,764848000,1310864000,Normal,Fair
771,44,69,1975,9,Male,919 Lafayette Drive,42.33,-122.79,18961,38661,88636,765,3,303376000,618576000,1418176000,Normal,Very Good
520,45,66,1974,4,Male,3346 Hillside Street,40.26,-75.74,28278,57658,74288,766,5,452448000,922528000,1188608000,Boros,Very Good
288,45,69,1974,5,Female,9891 Valley Drive,33.17,-90.48,10909,22249,20420,789,3,174544000,355984000,326720000,Hemat,Very Good
1979,38,68,1982,2,Female,731 Lincoln Boulevard,26.37,-80.1,31706,64647,58250,738,4,507296000,1034352000,932000000,Boros,Good
1253,32,64,1987,10,Female,1782 South Boulevard,41.44,-73.04,28814,58749,113308,768,6,461024000,939984000,1812928000,Boros,Very Good
311,46,68,1973,12,Female,8070 Mill Lane,37.18,-113.6,14470,29510,47153,752,4,231520000,472160000,754448000,Hemat,Very Good
1346,53,65,1966,3,Female,696 Oak Boulevard,36.81,-119.75,17985,36672,99454,655,2,287760000,586752000,1591264000,Normal,Fair
1622,41,61,1979,1,Female,1063 Federal Boulevard,42.15,-71.13,38878,79271,211919,759,1,622048000,1268336000,3390704000,Boros,Very Good
852,35,68,1985,1,Female,955 11th Street,29.82,-82.59,19693,40156,70128,738,3,315088000,642496000,1122048000,Normal,Good
1394,30,58,1989,4,Female,341 Hill Drive,38.63,-90.24,28373,57853,131828,558,4,453968000,925648000,2109248000,Boros,Poor
957,73,64,1946,9,Female,862 Martin Luther King Drive,39.17,-77.26,33637,37789,24575,605,3,538192000,604624000,393200000,Normal,Fair
515,61,63,1958,10,Male,9525 First Boulevard,32.51,-94.76,20531,41865,60911,676,4,328496000,669840000,974576000,Normal,Good
1303,66,69,1953,3,Male,602 First Street,41.31,-81.85,30381,61937,138153,684,7,486096000,990992000,2210448000,Boros,Good
1287,32,67,1987,7,Female,698 11th Lane,35.55,-77.05,15827,32274,72974,545,1,253232000,516384000,1167584000,Hemat,Poor
296,48,71,1971,3,Male,9570 North Drive,40.81,-74.1,37170,75785,117920,814,3,594720000,1212560000,1886720000,Boros,Excellent
1059,50,64,1969,4,Male,9762 Pine Street,35.43,-82.5,22345,45560,79660,644,3,357520000,728960000,1274560000,Normal,Fair
1378,46,67,1973,3,Female,778 Main Avenue,44.27,-88.34,20013,40810,65643,614,4,320208000,652960000,1050288000,Normal,Fair
1297,58,67,1961,11,Male,669 Wessex Lane,34.99,-92.63,18817,38371,50530,703,3,301072000,613936000,808480000,Normal,Good
1727,46,67,1973,10,Female,31 Oak Avenue,34.0,-81.03,23917,48762,143208,771,6,382672000,780192000,2291328000,Boros,Very Good
310,26,61,1994,2,Male,4840 Summit Lane,38.72,-121.0,28660,58435,134789,666,2,458560000,934960000,2156624000,Boros,Fair
673,48,68,1971,7,Male,1772 Essex Boulevard,37.27,-79.88,19188,39124,66231,722,4,307008000,625984000,1059696000,Normal,Good
1283,50,65,1970,1,Male,720 Seventh Avenue,45.64,-122.37,31226,63673,147913,591,4,499616000,1018768000,2366608000,Boros,Fair
1239,34,65,1985,11,Female,5449 Lexington Drive,33.78,-117.93,18679,38081,28613,811,4,298864000,609296000,457808000,Normal,Excellent
1691,23,61,1996,11,Female,5459 El Camino Avenue,35.12,-81.51,14443,29450,36002,692,1,231088000,471200000,576032000,Hemat,Good
1078,56,65,1963,12,Female,291 Seventh Drive,40.6,-88.98,28237,57576,161107,589,2,451792000,921216000,2577712000,Boros,Fair
124,31,70,1988,8,Female,9833 Forest Street,34.6,-98.42,16829,34311,6971,680,4,269264000,548976000,111536000,Hemat,Good
99,63,65,1956,11,Female,891 El Camino Lane,26.23,-80.13,26530,54095,76109,753,3,424480000,865520000,1217744000,Boros,Very Good
1722,24,65,1995,9,Female,162 Rose Drive,37.96,-121.26,12089,24648,32962,600,1,193424000,394368000,527392000,Hemat,Fair
562,37,61,1982,8,Female,1059 Elm Avenue,39.95,-104.9,32793,66863,89031,673,1,524688000,1069808000,1424496000,Boros,Good
750,61,68,1959,1,Female,475 Oak Boulevard,35.19,-80.83,14793,30165,36972,694,2,236688000,482640000,591552000,Hemat,Good
1223,53,67,1966,6,Male,822 Ocean Street,41.8,-87.92,92938,189490,448929,717,3,1487008000,3031840000,7182864000,Boros,Good
1319,19,68,2000,3,Female,671 George Drive,38.2,-84.55,23827,48582,189348,546,1,381232000,777312000,3029568000,Boros,Poor
575,84,65,1935,12,Male,6478 Valley Stream Avenue,40.15,-74.85,23207,26476,406,813,5,371312000,423616000,6496000,Hemat,Excellent
428,39,69,1980,11,Male,6405 Fifth Avenue,42.99,-71.45,27706,56486,116394,689,2,443296000,903776000,1862304000,Boros,Good
828,59,71,1960,3,Female,85 Littlewood Avenue,29.45,-98.5,17609,35906,69819,659,3,281744000,574496000,1117104000,Normal,Fair
1580,19,61,2000,4,Female,528 Spruce Lane,41.6,-87.05,27261,55587,151141,621,2,436176000,889392000,2418256000,Boros,Fair
1570,21,67,1998,4,Female,100 Seventh Drive,45.93,-88.25,18016,36733,0,761,3,288256000,587728000,0,Normal,Very Good
846,48,66,1971,11,Female,58 Catherine Drive,41.26,-96.01,33232,67761,0,745,4,531712000,1084176000,0,Boros,Very Good
666,57,56,1963,2,Male,919 Lafayette Avenue,35.85,-86.39,22760,36282,14141,725,1,364160000,580512000,226256000,Normal,Good
335,46,68,1973,7,Female,75 Birch Lane,26.74,-80.12,27696,56467,66565,688,3,443136000,903472000,1065040000,Boros,Good
639,55,73,1965,2,Female,82 Jefferson Avenue,41.12,-83.01,18462,37645,46298,654,4,295392000,602320000,740768000,Normal,Fair
386,48,64,1971,11,Male,3034 Third Boulevard,42.26,-71.8,24506,49967,62509,655,1,392096000,799472000,1000144000,Boros,Fair
886,20,67,1999,11,Male,189 Ninth Lane,40.17,-74.91,31656,64548,14864,726,1,506496000,1032768000,237824000,Boros,Good
297,20,66,1999,9,Male,354 Main Drive,37.91,-76.47,13938,28421,77772,738,1,223008000,454736000,1244352000,Hemat,Good
1860,33,65,1986,6,Female,689 Littlewood Lane,34.48,-87.28,17271,35213,87653,719,3,276336000,563408000,1402448000,Hemat,Good
581,48,67,1971,3,Male,1813 Second Lane,29.99,-90.24,14696,29962,55000,684,3,235136000,479392000,880000000,Hemat,Good
1910,49,59,1970,5,Male,710 North Lane,27.48,-82.57,17590,35868,48465,562,4,281440000,573888000,775440000,Normal,Poor
731,31,73,1988,7,Male,5558 Littlewood Avenue,40.32,-118.2,18734,38193,39874,703,3,299744000,611088000,637984000,Normal,Good
21,48,66,1972,2,Male,819 Park Boulevard,39.47,-87.38,21131,43084,0,850,3,338096000,689344000,0,Normal,Excellent
273,42,72,1977,4,Female,849 Norfolk Lane,41.16,-80.56,18351,37415,66403,665,1,293616000,598640000,1062448000,Normal,Fair
63,40,64,1979,12,Male,390 Tenth Street,40.72,-74.17,17370,35418,51741,660,6,277920000,566688000,827856000,Normal,Fair
786,18,62,2002,2,Male,4279 West Boulevard,34.9,-79.01,15331,31259,40701,798,2,245296000,500144000,651216000,Hemat,Very Good
1886,26,66,1993,12,Male,6693 George Drive,47.44,-122.28,20233,41255,85439,683,2,323728000,660080000,1367024000,Normal,Good
103,41,71,1978,3,Female,8 Tenth Drive,35.82,-78.65,17056,34774,78060,850,5,272896000,556384000,1248960000,Hemat,Excellent
1193,90,75,1929,11,Female,6245 River Lane,41.69,-73.92,27934,51717,418,717,5,446944000,827472000,6688000,Boros,Good
585,52,62,1967,9,Male,5581 Federal Street,30.11,-97.3,20346,41483,64715,584,1,325536000,663728000,1035440000,Normal,Fair
1532,28,65,1991,3,Female,99 El Camino Drive,39.53,-79.01,17079,34825,65082,759,1,273264000,557200000,1041312000,Hemat,Very Good
1958,51,72,1969,2,Male,2994 Tenth Lane,35.05,-78.87,18316,37346,64030,680,5,293056000,597536000,1024480000,Normal,Good
744,58,67,1961,10,Female,927 Ocean View Drive,25.77,-80.2,21923,44699,21685,842,5,350768000,715184000,346960000,Normal,Excellent
1836,35,73,1984,10,Male,356 Mill Street,28.92,-81.92,8491,17316,26872,748,1,135856000,277056000,429952000,Hemat,Very Good
477,57,67,1962,3,Male,45 Maple Lane,44.75,-68.67,24259,49467,77465,697,5,388144000,791472000,1239440000,Boros,Good
1713,18,68,2001,11,Female,3395 Spruce Drive,39.1,-94.62,16795,34242,0,837,1,268720000,547872000,0,Hemat,Excellent
1506,25,63,1994,10,Male,2800 Third Drive,33.52,-86.79,34578,70502,90003,614,2,553248000,1128032000,1440048000,Boros,Fair
357,59,67,1960,9,Female,645 Catherine Lane,42.35,-71.06,39312,80156,61817,735,4,628992000,1282496000,989072000,Boros,Good
535,51,63,1968,12,Female,1248 Second Drive,41.53,-72.79,24393,49737,136056,643,1,390288000,795792000,2176896000,Boros,Fair
778,60,60,1959,12,Male,700 Lexington Avenue,40.52,-81.47,18794,31003,23000,699,3,300704000,496048000,368000000,Hemat,Good
950,23,66,1996,9,Female,9264 Norfolk Lane,28.5,-81.37,14405,29376,51428,629,1,230480000,470016000,822848000,Hemat,Fair
1080,56,63,1963,11,Female,4581 Eighth Boulevard,32.19,-83.17,14425,29413,46043,703,2,230800000,470608000,736688000,Hemat,Good
1197,28,64,1992,1,Female,146 Lafayette Drive,45.79,-122.69,27308,55684,114269,722,3,436928000,890944000,1828304000,Boros,Good
711,39,60,1980,10,Male,6757 Eighth Avenue,39.01,-89.78,20056,40894,51844,657,1,320896000,654304000,829504000,Normal,Fair
1731,64,66,1956,1,Female,599 First Drive,34.14,-117.45,23172,47242,62224,704,6,370752000,755872000,995584000,Normal,Good
451,65,67,1954,12,Male,654 Birch Lane,41.26,-96.01,14199,28951,56777,711,2,227184000,463216000,908432000,Hemat,Good
1290,53,68,1966,6,Male,6223 Lexington Drive,33.1,-96.66,32580,66428,197102,669,2,521280000,1062848000,3153632000,Boros,Fair
1817,52,64,1968,2,Female,25622 Lake Street,29.55,-95.27,36253,73920,166395,683,1,580048000,1182720000,2662320000,Boros,Good
56,22,73,1998,2,Female,5762 River Lane,40.76,-111.84,10539,21490,32587,682,2,168624000,343840000,521392000,Hemat,Good
1383,68,64,1951,4,Female,315 Norfolk Lane,42.39,-71.1,31849,59938,36978,670,1,509584000,959008000,591648000,Boros,Good
1915,54,65,1965,6,Male,758 Sixth Boulevard,41.32,-74.18,25534,52062,97881,775,4,408544000,832992000,1566096000,Boros,Very Good
1882,58,65,1961,10,Male,860 Maple Avenue,37.59,-122.06,29097,59322,145137,694,3,465552000,949152000,2322192000,Boros,Good
1467,26,69,1993,9,Female,229 Norfolk Street,42.58,-83.14,26120,53254,131334,736,1,417920000,852064000,2101344000,Boros,Good
1791,61,67,1958,11,Male,4975 Madison Boulevard,39.77,-86.14,16045,32716,46919,593,3,256720000,523456000,750704000,Hemat,Fair
447,79,68,1940,3,Male,5336 Tenth Drive,43.22,-86.25,19131,30977,21507,796,5,306096000,495632000,344112000,Hemat,Very Good
1640,67,71,1952,10,Female,311 Washington Lane,41.89,-84.04,17144,34954,5942,729,3,274304000,559264000,95072000,Hemat,Good
636,47,69,1973,2,Female,1342 Hill Lane,41.83,-87.68,11951,24372,63295,793,4,191216000,389952000,1012720000,Hemat,Very Good
782,51,66,1968,7,Female,2554 11th Lane,41.28,-84.36,18229,37169,93844,722,3,291664000,594704000,1501504000,Normal,Good
316,36,69,1983,8,Male,995 Martin Luther King Street,29.76,-95.38,19554,39871,73726,719,4,312864000,637936000,1179616000,Normal,Good
1192,44,68,1976,2,Female,1450 Rose Drive,44.22,-93.44,19630,40026,70877,768,1,314080000,640416000,1134032000,Normal,Very Good
787,19,67,2000,3,Female,762 Lake Drive,29.61,-95.61,35183,71740,38238,767,2,562928000,1147840000,611808000,Boros,Very Good
251,21,66,1998,8,Male,72834 Grant Boulevard,40.7,-73.61,20152,41087,22720,695,2,322432000,657392000,363520000,Normal,Good
1351,18,55,2001,12,Female,892 Third Boulevard,61.14,-149.76,28730,58579,94998,808,1,459680000,937264000,1519968000,Boros,Excellent
490,86,68,1933,9,Male,90 Lexington Drive,29.45,-98.5,29557,33426,1852,699,4,472912000,534816000,29632000,Hemat,Good
1935,23,65,1997,2,Female,98 Mountain View Drive,30.21,-92.02,22001,44862,78350,750,3,352016000,717792000,1253600000,Normal,Very Good
387,34,65,1985,10,Male,8229 Bayview Avenue,41.4,-82.23,22261,45388,64749,723,1,356176000,726208000,1035984000,Normal,Good
869,73,68,1946,9,Male,9355 Ocean View Drive,33.85,-84.22,22682,34220,0,745,5,362912000,547520000,0,Hemat,Very Good
1865,19,66,2000,9,Male,616 Catherine Avenue,40.04,-75.42,58297,118862,276156,782,1,932752000,1901792000,4418496000,Boros,Very Good
268,20,62,1999,9,Female,825 Norfolk Drive,43.02,-78.75,29558,60265,80939,582,3,472928000,964240000,1295024000,Boros,Fair
1124,45,66,1974,3,Male,8385 Mill Boulevard,37.62,-83.41,11644,23740,4313,841,3,186304000,379840000,69008000,Hemat,Excellent
721,39,67,1980,5,Male,9735 Birch Street,25.77,-80.2,18828,38386,74820,850,6,301248000,614176000,1197120000,Normal,Excellent
813,46,70,1973,6,Male,285 Washington Street,41.99,-71.5,19065,38872,86648,585,1,305040000,621952000,1386368000,Normal,Fair
152,37,68,1982,3,Female,49 Tenth Street,33.72,-84.32,24196,49335,51520,773,3,387136000,789360000,824320000,Boros,Very Good
1896,50,79,1969,9,Female,6695 River Lane,41.91,-83.38,19736,40246,74352,641,5,315776000,643936000,1189632000,Normal,Fair
1028,50,66,1970,1,Male,1012 Hill Drive,41.83,-87.68,39789,81122,112394,682,5,636624000,1297952000,1798304000,Boros,Good
922,18,64,2001,4,Male,5819 Norfolk Drive,26.89,-82.05,14352,29265,37375,647,1,229632000,468240000,598000000,Hemat,Fair
549,51,65,1968,4,Male,774 Wessex Lane,33.3,-111.74,30557,62304,113416,719,4,488912000,996864000,1814656000,Boros,Good
565,54,65,1965,10,Male,6721 Sussex Drive,32.98,-96.89,21381,43598,15891,757,4,342096000,697568000,254256000,Normal,Very Good
1980,54,63,1965,5,Male,990 West Street,29.37,-95.45,22856,46603,57177,612,1,365696000,745648000,914832000,Normal,Fair
1494,26,71,1993,3,Male,7703 Fourth Avenue,26.14,-80.13,14191,28931,34511,711,4,227056000,462896000,552176000,Hemat,Good
1809,42,71,1977,9,Female,338 Bayview Lane,38.81,-77.72,35905,73208,115827,664,6,574480000,1171328000,1853232000,Boros,Fair
637,42,68,1978,2,Female,794 Lake Street,40.98,-74.06,37908,77288,46160,771,4,606528000,1236608000,738560000,Boros,Very Good
1770,30,66,1989,9,Male,6657 West Street,26.61,-80.05,18415,37544,15489,703,4,294640000,600704000,247824000,Normal,Good
527,58,65,1961,11,Male,217 Fifth Lane,40.99,-88.72,19926,40628,66552,636,1,318816000,650048000,1064832000,Normal,Fair
1139,24,68,1995,4,Female,418 Elm Street,32.88,-84.67,15433,31469,53555,645,1,246928000,503504000,856880000,Hemat,Fair
1459,53,65,1967,2,Male,9385 Birch Street,35.11,-106.62,15385,31369,0,707,3,246160000,501904000,0,Hemat,Good
1544,36,65,1983,9,Female,7643 Martin Luther King Street,40.1,-84.62,16351,33339,83353,679,2,261616000,533424000,1333648000,Hemat,Good
1174,25,65,1994,11,Male,944 Lexington Boulevard,30.6,-87.34,20273,41338,90737,772,1,324368000,661408000,1451792000,Normal,Very Good
112,54,66,1965,12,Female,85 Lafayette Boulevard,43.98,-75.6,17220,35114,24637,686,5,275520000,561824000,394192000,Hemat,Good
369,39,65,1980,9,Male,5193 East Street,38.22,-85.74,25258,51499,7226,788,4,404128000,823984000,115616000,Boros,Very Good
994,85,67,1934,10,Female,577 12th Lane,40.09,-74.21,13006,9795,396,771,7,208096000,156720000,6336000,Hemat,Very Good
1592,19,67,2000,9,Male,1317 Wessex Lane,37.5,-122.3,46616,95045,132371,708,3,745856000,1520720000,2117936000,Boros,Good
1029,66,72,1953,3,Male,9218 Martin Luther King Avenue,27.9,-81.97,17944,36589,86573,676,3,287104000,585424000,1385168000,Normal,Good
1680,59,63,1960,11,Female,4701 Littlewood Drive,27.95,-82.48,28916,58959,109358,598,2,462656000,943344000,1749728000,Boros,Fair
1052,61,61,1958,12,Male,363 Third Drive,37.99,-122.27,25849,28210,22961,655,2,413584000,451360000,367376000,Hemat,Fair
494,39,68,1980,5,Male,700 Rose Avenue,39.09,-76.85,27635,56347,32530,779,3,442160000,901552000,520480000,Boros,Very Good
94,59,72,1961,1,Female,704 Summit Drive,35.71,-81.15,18029,36760,95755,593,2,288464000,588160000,1532080000,Normal,Fair
425,38,67,1981,11,Male,8897 East Street,36.46,-121.82,29174,59482,130605,688,4,466784000,951712000,2089680000,Boros,Good
1720,55,60,1964,5,Female,4941 Ocean View Drive,32.75,-97.33,12175,24827,60261,590,1,194800000,397232000,964176000,Hemat,Fair
1699,67,65,1953,1,Female,9205 Summit Street,37.42,-121.94,51631,52929,37514,737,7,826096000,846864000,600224000,Boros,Good
1495,52,70,1967,12,Male,469 Mountain View Boulevard,39.77,-86.14,31114,63433,122550,770,7,497824000,1014928000,1960800000,Boros,Very Good
1005,21,67,1998,11,Male,78596 Birch Drive,29.76,-95.38,19364,39485,144101,685,1,309824000,631760000,2305616000,Normal,Good
439,33,59,1986,8,Female,142 Valley Drive,41.47,-87.05,25472,51938,97252,697,2,407552000,831008000,1556032000,Boros,Good
1285,68,53,1951,12,Female,6723 Maple Street,38.83,-77.21,30622,65298,18684,524,2,489952000,1044768000,298944000,Boros,Poor
1973,58,65,1962,1,Female,501 Grant Lane,34.87,-85.5,15950,32520,29433,731,4,255200000,520320000,470928000,Hemat,Good
448,41,63,1978,8,Male,992 Martin Luther King Avenue,41.48,-87.68,19359,39472,82626,698,1,309744000,631552000,1322016000,Normal,Good
1907,37,66,1982,5,Female,4189 Birch Street,22.21,-159.41,16898,34457,48966,666,2,270368000,551312000,783456000,Hemat,Fair
73,48,73,1971,12,Male,2193 Sixth Avenue,41.71,-73.96,26227,53478,73030,674,3,419632000,855648000,1168480000,Boros,Good
1097,39,68,1980,10,Male,952 Mountain View Boulevard,43.95,-86.44,15863,32343,59006,732,3,253808000,517488000,944096000,Hemat,Good
1644,83,65,1937,1,Male,637 Seventh Street,34.66,-83.09,15406,31943,1248,686,6,246496000,511088000,19968000,Hemat,Good
967,41,56,1978,10,Female,9413 12th Boulevard,43.28,-93.2,16081,32789,47679,699,2,257296000,524624000,762864000,Hemat,Good
1929,29,64,1990,8,Male,1734 George Drive,37.72,-122.41,20536,41873,76725,717,1,328576000,669968000,1227600000,Normal,Good
1114,44,66,1976,1,Male,9900 Ninth Avenue,39.02,-86.93,18204,37115,58438,685,3,291264000,593840000,935008000,Normal,Good
1087,40,65,1979,12,Female,613 George Boulevard,37.53,-84.66,15202,30997,81716,722,2,243232000,495952000,1307456000,Hemat,Good
95,25,67,1994,8,Female,157 Eighth Street,47.62,-122.16,43432,88554,142154,701,2,694912000,1416864000,2274464000,Boros,Good
1778,29,63,1990,3,Male,32595 River Drive,35.49,-119.3,14556,29682,65845,659,2,232896000,474912000,1053520000,Hemat,Fair
1031,61,68,1959,1,Male,6762 Second Street,39.75,-104.42,26369,53762,37361,689,8,421904000,860192000,597776000,Boros,Good
788,19,66,2001,1,Female,534 Norfolk Lane,40.71,-73.99,26718,54477,72241,802,2,427488000,871632000,1155856000,Boros,Excellent
728,30,67,1989,7,Female,385 Grant Street,39.08,-94.35,16224,33076,50117,721,3,259584000,529216000,801872000,Hemat,Good
1639,58,67,1961,5,Male,1034 Pine Boulevard,42.12,-80.08,24324,49595,68057,676,1,389184000,793520000,1088912000,Boros,Good
1587,31,67,1988,12,Male,8803 Washington Boulevard,42.18,-70.73,40226,82019,64583,695,3,643616000,1312304000,1033328000,Boros,Good
1883,76,66,1943,5,Male,3462 Ocean Boulevard,38.49,-121.53,26815,51942,22839,723,4,429040000,831072000,365424000,Boros,Good
712,74,67,1945,3,Female,54 Lafayette Street,32.63,-117.05,20102,29130,8746,720,5,321632000,466080000,139936000,Hemat,Good
1414,71,66,1948,8,Female,5822 Fourth Boulevard,38.35,-81.63,16835,13937,3854,783,4,269360000,222992000,61664000,Hemat,Very Good
243,20,63,1999,3,Male,592 Hillside Drive,41.84,-87.79,18714,38158,80609,666,1,299424000,610528000,1289744000,Normal,Fair
146,47,67,1972,7,Female,45 Ocean Lane,41.85,-88.3,33701,68710,201796,717,3,539216000,1099360000,3228736000,Boros,Good
715,37,75,1983,1,Female,94 Ocean Avenue,41.76,-88.15,49195,100303,53919,821,2,787120000,1604848000,862704000,Boros,Excellent
1489,58,65,1961,11,Female,9191 Main Avenue,43.03,-71.07,25001,50980,87715,691,1,400016000,815680000,1403440000,Boros,Good
1232,18,69,2002,1,Male,5504 Spruce Drive,42.4,-96.35,22958,46810,0,747,2,367328000,748960000,0,Normal,Very Good
842,61,65,1959,2,Male,945 Third Avenue,47.58,-122.03,50607,103185,206422,564,1,809712000,1650960000,3302752000,Boros,Poor
486,23,71,1996,4,Male,938 Maple Boulevard,36.25,-115.08,22907,46704,91946,810,1,366512000,747264000,1471136000,Normal,Excellent
763,35,61,1985,1,Male,583 Seventh Street,39.99,-75.27,50579,103126,130160,642,1,809264000,1650016000,2082560000,Boros,Fair
154,48,61,1971,6,Male,8993 Madison Avenue,34.93,-78.72,18376,37468,73448,666,3,294016000,599488000,1175168000,Normal,Fair
704,51,67,1968,7,Female,6840 North Lane,41.2,-73.73,55274,112695,35135,840,6,884384000,1803120000,562160000,Boros,Excellent
1409,23,65,1996,5,Male,512 Tenth Street,42.77,-86.1,21668,44181,82622,701,1,346688000,706896000,1321952000,Normal,Good
1601,26,65,1993,5,Female,388 Third Street,41.31,-73.84,33263,67820,86177,628,2,532208000,1085120000,1378832000,Boros,Fair
729,80,67,1939,4,Female,499 Lafayette Lane,40.28,-86.51,16421,24884,1828,850,6,262736000,398144000,29248000,Hemat,Excellent
1016,41,53,1978,8,Female,165 Fourth Street,32.95,-117.19,0,553,740,719,3,0,8848000,11840000,Hemat,Good
1214,40,64,1979,11,Male,83302 Valley Stream Lane,42.06,-71.24,35544,72470,133421,711,2,568704000,1159520000,2134736000,Boros,Good
1760,35,66,1984,11,Female,610 Lake Drive,39.16,-89.48,17696,36081,118151,682,2,283136000,577296000,1890416000,Normal,Good
927,37,68,1982,6,Male,13 Federal Street,42.48,-71.15,29122,59375,0,729,2,465952000,950000000,0,Boros,Good
1667,18,70,2002,2,Male,18 Bayview Avenue,34.82,-89.98,23782,48491,158871,588,1,380512000,775856000,2541936000,Boros,Fair
1796,60,67,1959,4,Female,89075 Spruce Drive,38.56,-86.61,15138,30867,12686,794,3,242208000,493872000,202976000,Hemat,Very Good
179,33,67,1986,5,Female,906 Little Creek Drive,34.98,-80.54,19605,39974,64403,652,2,313680000,639584000,1030448000,Normal,Fair
395,39,72,1981,2,Male,1105 Wessex Avenue,32.69,-97.12,24331,49611,110543,739,4,389296000,793776000,1768688000,Boros,Good
513,24,69,1995,10,Male,841 Spruce Drive,30.5,-90.46,17584,35856,73257,712,4,281344000,573696000,1172112000,Normal,Good
187,35,72,1984,9,Female,707 Elm Boulevard,37.77,-79.99,17537,35760,62768,830,1,280592000,572160000,1004288000,Normal,Excellent
491,40,69,1979,6,Male,2336 George Drive,34.83,-82.37,13249,27013,58806,651,3,211984000,432208000,940896000,Hemat,Fair
1153,63,62,1956,4,Male,690 Catherine Street,39.69,-104.81,24849,58006,20196,774,1,397584000,928096000,323136000,Boros,Very Good
377,80,67,1940,1,Female,305 Pine Avenue,47.39,-122.26,24884,39110,363,750,5,398144000,625760000,5808000,Normal,Very Good
850,38,66,1981,12,Female,422 Burns Street,37.98,-85.71,19661,40087,17392,712,2,314576000,641392000,278272000,Normal,Good
1186,46,65,1973,10,Male,12067 Federal Boulevard,39.95,-75.16,17603,35891,87749,577,3,281648000,574256000,1403984000,Normal,Poor
1694,83,65,1936,3,Female,480 Catherine Drive,41.09,-73.55,37213,74753,1585,726,5,595408000,1196048000,25360000,Boros,Good
716,31,70,1988,5,Male,1495 Elm Boulevard,33.92,-116.83,13002,26511,21869,769,6,208032000,424176000,349904000,Hemat,Very Good
1131,76,69,1943,4,Male,2609 Plum Drive,38.88,-94.81,28490,19682,0,683,4,455840000,314912000,0,Hemat,Good
1719,81,64,1938,9,Female,678 Park Drive,25.77,-80.2,19386,23217,2559,616,3,310176000,371472000,40944000,Hemat,Fair
254,30,66,1989,5,Male,323 Eighth Drive,40.02,-105.25,33151,67589,0,734,3,530416000,1081424000,0,Boros,Good
226,30,68,1989,8,Male,4262 Madison Drive,42.62,-70.86,45596,92960,64167,724,3,729536000,1487360000,1026672000,Boros,Good
1307,52,61,1967,4,Female,2332 Elm Lane,37.89,-122.03,42685,87030,156474,646,5,682960000,1392480000,2503584000,Boros,Fair
1095,72,66,1948,2,Male,493 South Street,40.7,-73.89,19329,22918,11371,750,5,309264000,366688000,181936000,Hemat,Very Good
1729,29,56,1990,9,Female,8958 Catherine Street,40.3,-112.3,24445,49842,79750,698,1,391120000,797472000,1276000000,Boros,Good
1466,36,75,1983,4,Female,3194 Norfolk Street,38.64,-75.61,17624,35933,23451,812,2,281984000,574928000,375216000,Normal,Excellent
1226,42,67,1978,2,Male,376 Fourth Drive,21.34,-157.72,18080,36860,65049,714,3,289280000,589760000,1040784000,Normal,Good
1755,53,70,1967,2,Male,302 Park Boulevard,31.96,-83.77,13864,28269,66681,734,6,221824000,452304000,1066896000,Hemat,Good
475,20,66,1999,11,Male,135 Spruce Lane,41.02,-84.04,19827,40426,76199,727,1,317232000,646816000,1219184000,Normal,Good
1956,43,71,1976,8,Female,93 11th Avenue,33.81,-117.97,18330,37371,3378,739,4,293280000,597936000,54048000,Normal,Good
706,33,68,1986,9,Female,212 Ocean View Avenue,38.02,-122.54,33148,67589,106072,602,2,530368000,1081424000,1697152000,Boros,Fair
474,55,66,1964,4,Male,455 Little Creek Boulevard,40.75,-73.64,39705,80957,161166,683,6,635280000,1295312000,2578656000,Boros,Good
1259,64,69,1955,7,Female,729 Littlewood Avenue,41.18,-73.42,94302,192269,100192,700,6,1508832000,3076304000,1603072000,Boros,Good
320,34,75,1985,8,Male,6444 Madison Drive,32.22,-110.82,17480,35641,64419,625,2,279680000,570256000,1030704000,Normal,Fair
93,33,69,1986,8,Female,850 Birch Avenue,35.75,-87.79,14073,28696,52910,686,4,225168000,459136000,846560000,Hemat,Good
1182,30,65,1989,4,Male,7350 Fourth Lane,43.21,-75.47,18712,38153,92466,658,1,299392000,610448000,1479456000,Normal,Fair
150,51,73,1968,8,Female,2897 West Street,38.7,-77.24,35062,71490,0,782,3,560992000,1143840000,0,Boros,Very Good
1327,20,67,1999,12,Female,3183 Burns Boulevard,45.94,-122.67,21093,43006,26144,688,2,337488000,688096000,418304000,Normal,Good
784,44,67,1975,6,Male,41043 Lincoln Lane,30.19,-90.78,24289,49523,89129,688,4,388624000,792368000,1426064000,Boros,Good
1471,31,76,1988,11,Male,7948 Martin Luther King Avenue,35.1,-90.0,10730,21876,20169,786,2,171680000,350016000,322704000,Hemat,Very Good
367,27,67,1992,8,Female,8893 Valley Drive,41.52,-87.42,21992,44843,67179,756,2,351872000,717488000,1074864000,Normal,Very Good
1050,43,65,1976,3,Female,41332 Lincoln Avenue,35.98,-78.91,17625,35938,47204,670,3,282000000,575008000,755264000,Normal,Good
207,73,65,1946,10,Female,518 Main Street,36.58,-79.4,16745,28553,19507,745,5,267920000,456848000,312112000,Hemat,Very Good
1838,18,68,2001,12,Female,753 East Avenue,35.05,-78.87,19520,39803,53607,695,1,312320000,636848000,857712000,Normal,Good
798,50,68,1969,9,Female,9982 Summit Boulevard,33.57,-117.14,24069,49076,56547,715,4,385104000,785216000,904752000,Boros,Good
1207,41,65,1978,10,Male,8425 East Lane,41.47,-81.67,27646,56368,71544,664,3,442336000,901888000,1144704000,Boros,Fair
1012,35,66,1984,6,Female,9006 Ocean Boulevard,39.95,-75.16,16114,32855,94228,693,2,257824000,525680000,1507648000,Hemat,Good
844,65,64,1955,2,Male,364 Eighth Drive,32.75,-97.33,21401,18149,26672,738,2,342416000,290384000,426752000,Hemat,Good
334,44,65,1975,11,Male,8349 Valley Avenue,41.16,-82.22,19818,40407,25986,697,3,317088000,646512000,415776000,Normal,Good
815,19,60,2000,6,Male,57285 Jefferson Avenue,33.61,-112.46,23747,48418,73106,756,2,379952000,774688000,1169696000,Boros,Very Good
1100,61,73,1958,7,Male,9888 Washington Boulevard,40.72,-73.51,29337,59815,73325,573,2,469392000,957040000,1173200000,Boros,Poor
407,23,66,1996,8,Female,9392 Fifth Avenue,41.83,-87.68,20822,42454,63754,750,4,333152000,679264000,1020064000,Normal,Very Good
1244,43,69,1976,5,Female,580 Fifth Boulevard,35.28,-81.28,16073,32775,72785,637,1,257168000,524400000,1164560000,Hemat,Fair
1740,36,67,1983,12,Male,42720 East Drive,42.86,-88.33,28215,57532,61268,735,4,451440000,920512000,980288000,Boros,Good
1754,34,67,1985,11,Female,97 Fourth Drive,34.58,-94.23,12910,26325,32456,562,1,206560000,421200000,519296000,Hemat,Poor
1184,70,74,1950,1,Male,20382 Park Drive,37.56,-121.98,33727,68765,75608,798,5,539632000,1100240000,1209728000,Boros,Very Good
1440,26,58,1993,4,Male,7344 Oak Drive,41.42,-78.55,18965,38670,80894,630,1,303440000,618720000,1294304000,Normal,Fair
200,57,65,1962,11,Female,4940 Ocean View Drive,38.21,-82.56,17918,36528,109785,701,3,286688000,584448000,1756560000,Normal,Good
1446,28,61,1991,4,Male,54 Burns Avenue,34.02,-94.73,13811,28163,50872,689,4,220976000,450608000,813952000,Hemat,Good
1263,56,70,1963,8,Female,212 Mountain View Lane,33.95,-84.54,17977,36652,60949,600,3,287632000,586432000,975184000,Normal,Fair
1483,18,70,2001,12,Male,65690 Bayview Lane,41.93,-71.29,26693,54427,96369,714,2,427088000,870832000,1541904000,Boros,Good
1085,27,66,1992,6,Female,563 Jefferson Boulevard,32.97,-117.02,36390,74198,16084,838,3,582240000,1187168000,257344000,Boros,Excellent
1961,18,66,2002,1,Male,6295 Norfolk Boulevard,35.59,-77.37,17116,34904,46002,657,2,273856000,558464000,736032000,Hemat,Fair
776,55,73,1964,12,Male,905 West Avenue,35.1,-90.0,47798,97455,219213,616,2,764768000,1559280000,3507408000,Boros,Fair
890,37,66,1983,1,Female,911 Ocean Boulevard,33.87,-117.89,25592,52181,26792,727,2,409472000,834896000,428672000,Boros,Good
1445,68,68,1951,6,Male,8199 Park Boulevard,41.12,-85.87,17969,27939,11243,841,5,287504000,447024000,179888000,Hemat,Excellent
74,54,74,1965,5,Female,1444 Plum Boulevard,38.86,-104.76,20579,41957,151027,783,3,329264000,671312000,2416432000,Normal,Very Good
1216,26,61,1993,11,Female,9129 Lexington Lane,37.74,-84.29,19666,40102,57857,601,6,314656000,641632000,925712000,Normal,Fair
797,61,69,1958,9,Female,7945 Fourth Avenue,21.3,-157.85,30410,62005,149968,651,9,486560000,992080000,2399488000,Boros,Fair
610,18,58,2002,1,Male,36 First Drive,47.78,-117.45,21609,44061,107955,713,4,345744000,704976000,1727280000,Normal,Good
1917,49,69,1970,5,Male,3225 Lexington Street,40.92,-72.92,28694,58503,37838,680,4,459104000,936048000,605408000,Boros,Good
975,28,67,1991,5,Female,34542 Ninth Drive,42.88,-78.85,14456,29478,39224,675,2,231296000,471648000,627584000,Hemat,Good
109,29,66,1990,8,Female,933 Sussex Drive,45.6,-108.68,19625,40005,37694,737,2,314000000,640080000,603104000,Normal,Good
547,70,66,1949,5,Male,111 Hillside Avenue,42.62,-88.63,18351,31901,16285,778,4,293616000,510416000,260560000,Hemat,Very Good
347,28,63,1991,8,Female,5671 Sussex Drive,25.77,-80.2,21602,44046,57982,557,3,345632000,704736000,927712000,Normal,Poor
201,61,65,1958,5,Male,206 Pine Lane,41.52,-88.12,17567,35823,96691,732,3,281072000,573168000,1547056000,Normal,Good
1368,29,69,1990,5,Female,637 Littlewood Drive,37.22,-77.28,22059,44976,80109,717,2,352944000,719616000,1281744000,Normal,Good
1547,28,66,1992,2,Male,768 Valley Stream Drive,43.54,-89.46,19635,40035,69241,684,2,314160000,640560000,1107856000,Normal,Good
1812,31,62,1988,5,Female,551 Essex Drive,34.78,-92.25,25002,50978,76898,574,2,400032000,815648000,1230368000,Boros,Poor
1379,76,72,1943,6,Male,93374 11th Street,42.58,-82.91,19780,34408,9107,701,4,316480000,550528000,145712000,Hemat,Good
82,22,68,1997,9,Female,6054 Main Avenue,41.83,-87.68,0,2026,1417,779,1,0,32416000,22672000,Hemat,Very Good
1053,59,66,1960,5,Male,756 El Camino Avenue,28.65,-81.18,27255,55571,93460,636,3,436080000,889136000,1495360000,Boros,Fair
1893,26,59,1993,12,Male,6222 Sixth Lane,43.1,-71.73,26084,53182,99550,623,1,417344000,850912000,1592800000,Boros,Fair
955,33,67,1987,2,Male,6785 Valley Stream Boulevard,40.28,-80.6,16648,33944,53353,798,4,266368000,543104000,853648000,Hemat,Very Good
856,54,59,1965,7,Male,275 Tenth Street,38.98,-77.12,56069,114318,328089,748,3,897104000,1829088000,5249424000,Boros,Very Good
1361,67,66,1952,12,Male,9385 Lincoln Drive,42.38,-83.1,14848,28714,12978,638,2,237568000,459424000,207648000,Hemat,Fair
261,41,66,1979,2,Male,7061 Littlewood Street,36.0,-114.96,28985,59093,117325,737,5,463760000,945488000,1877200000,Boros,Good
64,39,68,1980,3,Female,95 12th Avenue,34.0,-118.03,25242,51465,0,702,2,403872000,823440000,0,Boros,Good
1864,20,69,1999,8,Male,1177 Elm Avenue,42.79,-73.67,24904,50776,19785,701,1,398464000,812416000,316560000,Boros,Good
1768,28,65,1991,9,Female,3615 Lafayette Boulevard,40.43,-75.34,25205,51391,84768,573,1,403280000,822256000,1356288000,Boros,Poor
1151,53,65,1966,12,Male,353 South Boulevard,40.35,-74.65,0,920,1914,788,3,0,14720000,30624000,Hemat,Very Good
356,50,73,1969,10,Female,24 River Avenue,27.19,-80.24,20315,41420,0,691,5,325040000,662720000,0,Normal,Good
1393,52,67,1967,4,Female,6467 Birch Street,41.25,-97.12,16901,34460,43936,692,2,270416000,551360000,702976000,Hemat,Good
865,41,65,1979,2,Male,9684 Grant Drive,38.06,-78.9,18531,37786,107692,693,5,296496000,604576000,1723072000,Normal,Good
1914,21,70,1998,4,Female,5259 Lake Drive,36.78,-76.08,20678,42161,59210,672,1,330848000,674576000,947360000,Normal,Good
1641,30,69,1989,3,Male,3636 El Camino Avenue,39.09,-84.51,25503,51998,73575,640,1,408048000,831968000,1177200000,Boros,Fair
707,22,67,1997,12,Female,5941 South Lane,34.72,-82.78,18271,37253,63522,576,1,292336000,596048000,1016352000,Normal,Poor
3,49,65,1970,12,Male,840 Elm Avenue,33.89,-98.51,13705,27943,18693,681,4,219280000,447088000,299088000,Hemat,Good
754,76,69,1943,3,Female,15 Elm Lane,33.69,-78.89,19025,32817,27209,705,6,304400000,525072000,435344000,Hemat,Good
148,62,66,1957,8,Male,7378 Park Lane,43.6,-71.74,18972,38681,113190,663,5,303552000,618896000,1811040000,Normal,Fair
127,48,68,1971,7,Male,671 Little Creek Street,31.7,-86.26,15474,31553,63938,729,3,247584000,504848000,1023008000,Hemat,Good
1675,36,70,1983,8,Male,97 Little Creek Boulevard,47.14,-122.32,24519,49993,52978,767,3,392304000,799888000,847648000,Boros,Very Good
747,63,64,1956,4,Male,716 Lafayette Street,39.33,-82.23,14137,28828,49793,687,4,226192000,461248000,796688000,Hemat,Good
1942,77,63,1942,3,Female,2073 South Avenue,40.71,-73.99,0,1,0,673,3,0,16000,0,Hemat,Good
452,31,74,1988,3,Male,557 Catherine Drive,29.76,-95.38,31072,63356,140107,704,5,497152000,1013696000,2241712000,Boros,Good
1157,33,58,1986,12,Female,1884 Lake Avenue,32.98,-96.89,28213,57526,82715,812,1,451408000,920416000,1323440000,Boros,Excellent
1534,36,65,1983,7,Male,1531 North Lane,39.9,-74.99,39626,80794,3867,803,2,634016000,1292704000,61872000,Boros,Excellent
1086,57,64,1962,12,Female,442 Burns Boulevard,42.02,-71.21,37407,76274,102611,698,2,598512000,1220384000,1641776000,Boros,Good
1984,29,60,1990,5,Female,8265 Mountain View Drive,43.97,-88.95,19059,38861,62080,528,1,304944000,621776000,993280000,Normal,Poor
835,32,65,1987,4,Male,549 Rose Drive,29.79,-90.82,22223,45312,11788,681,4,355568000,724992000,188608000,Normal,Good
758,63,68,1956,12,Male,39126 El Camino Boulevard,34.09,-118.13,21178,43180,36832,764,5,338848000,690880000,589312000,Normal,Very Good
1795,25,66,1994,10,Female,79 Hill Avenue,45.25,-93.33,29580,60310,91017,647,6,473280000,964960000,1456272000,Boros,Fair
1221,64,69,1955,11,Female,6606 Jefferson Avenue,33.92,-117.24,15079,30747,51667,850,4,241264000,491952000,826672000,Hemat,Excellent
1821,21,68,1998,9,Male,740 Burns Lane,38.27,-104.62,21394,43617,16661,803,3,342304000,697872000,266576000,Normal,Excellent
1248,51,71,1968,7,Female,32299 Federal Street,42.68,-89.01,21278,43386,2192,698,3,340448000,694176000,35072000,Normal,Good
1900,62,62,1958,2,Female,690 Oak Street,43.06,-87.96,19483,36465,12789,688,1,311728000,583440000,204624000,Normal,Good
597,72,66,1948,1,Male,5138 North Drive,37.74,-122.44,51692,65055,1676,736,6,827072000,1040880000,26816000,Boros,Good
1620,21,68,1998,6,Male,2537 Forest Boulevard,32.33,-96.62,18112,36924,71952,701,3,289792000,590784000,1151232000,Normal,Good
1213,34,69,1985,11,Male,860 George Avenue,38.62,-122.61,21373,43579,96994,795,3,341968000,697264000,1551904000,Normal,Very Good
619,54,65,1965,12,Male,498 Littlewood Avenue,44.01,-92.47,26478,53986,58381,748,4,423648000,863776000,934096000,Boros,Very Good
1043,21,61,1998,9,Female,95 Burns Drive,42.37,-71.11,47637,97127,210206,660,2,762192000,1554032000,3363296000,Boros,Fair
394,52,71,1967,4,Male,514 Pine Boulevard,41.09,-73.55,34138,69604,47193,684,4,546208000,1113664000,755088000,Boros,Good
1376,49,68,1971,1,Female,97536 Summit Street,30.51,-97.83,30418,62019,85666,543,4,486688000,992304000,1370656000,Boros,Poor
834,19,68,2000,11,Male,723 Summit Drive,33.95,-118.36,15965,32550,82878,746,6,255440000,520800000,1326048000,Hemat,Very Good
837,30,65,1989,4,Male,445 Fifth Avenue,39.15,-80.35,17701,36092,63276,679,1,283216000,577472000,1012416000,Normal,Good
1257,55,67,1964,7,Male,287 Pine Lane,47.79,-122.3,23668,48259,146774,721,3,378688000,772144000,2348384000,Boros,Good
1966,42,68,1977,11,Male,3835 Norfolk Street,36.05,-90.51,15447,31499,45661,782,4,247152000,503984000,730576000,Hemat,Very Good
358,36,71,1983,7,Female,65 Fifth Lane,34.17,-82.37,15243,31079,91845,605,2,243888000,497264000,1469520000,Hemat,Fair
912,46,66,1973,8,Male,1833 George Drive,25.77,-80.2,23244,47395,41381,755,2,371904000,758320000,662096000,Normal,Very Good
605,42,73,1977,10,Male,663 Summit Boulevard,40.64,-73.94,23316,47542,2667,725,3,373056000,760672000,42672000,Normal,Good
1362,58,67,1962,1,Male,3385 Hill Lane,38.78,-77.27,35563,72510,44317,727,4,569008000,1160160000,709072000,Boros,Good
1513,48,66,1972,2,Male,8849 West Drive,41.3,-73.13,32240,65736,206000,733,3,515840000,1051776000,3296000000,Boros,Good
1521,71,71,1948,3,Female,557 Burns Boulevard,32.75,-97.77,19120,19581,21424,706,3,305920000,313296000,342784000,Hemat,Good
564,57,64,1962,6,Male,2288 Pine Lane,44.08,-70.24,20800,42411,111077,765,2,332800000,678576000,1777232000,Normal,Very Good
1309,87,64,1932,4,Female,115 Bayview Lane,47.61,-122.3,37485,55902,3385,531,1,599760000,894432000,54160000,Boros,Poor
1583,38,68,1981,10,Male,182 Valley Street,40.04,-76.3,25917,52844,0,826,3,414672000,845504000,0,Boros,Excellent
1885,46,65,1973,9,Male,189 Forest Street,33.99,-83.72,18171,37056,75730,753,4,290736000,592896000,1211680000,Normal,Very Good
1566,44,64,1976,1,Male,48 Fourth Avenue,38.69,-121.31,19726,40220,106171,718,3,315616000,643520000,1698736000,Normal,Good
401,81,71,1938,9,Male,84497 Valley Stream Drive,34.2,-118.39,15239,28644,879,806,7,243824000,458304000,14064000,Hemat,Excellent
15,52,66,1968,2,Female,401 Bayview Lane,34.02,-118.31,14553,29673,12950,788,3,232848000,474768000,207200000,Hemat,Very Good
1666,61,62,1958,12,Male,649 Spruce Boulevard,32.29,-81.23,23029,46954,69753,578,4,368464000,751264000,1116048000,Normal,Poor
509,33,66,1986,7,Male,239 Sussex Drive,38.41,-82.43,21842,44534,107410,702,4,349472000,712544000,1718560000,Normal,Good
954,51,65,1968,6,Male,691 Ocean View Street,33.93,-117.49,18619,37963,102716,772,4,297904000,607408000,1643456000,Normal,Very Good
832,40,67,1979,5,Female,8799 Elm Avenue,33.2,-96.65,24684,50329,76759,625,4,394944000,805264000,1228144000,Boros,Fair
1046,44,66,1975,6,Male,9414 Summit Boulevard,39.95,-75.16,18007,36715,74022,547,4,288112000,587440000,1184352000,Normal,Poor
630,60,66,1959,7,Male,1583 Grant Avenue,30.33,-81.65,19382,39521,61861,491,3,310112000,632336000,989776000,Normal,Poor
1561,78,67,1941,5,Female,245 Martin Luther King Drive,35.0,-80.94,26707,51014,23366,759,4,427312000,816224000,373856000,Boros,Very Good
1548,41,65,1978,10,Male,439 George Avenue,40.5,-111.7,35834,73067,6332,721,3,573344000,1169072000,101312000,Boros,Good
221,63,65,1956,12,Female,560 Eighth Boulevard,37.7,-122.12,21669,44183,89852,850,4,346704000,706928000,1437632000,Normal,Excellent
1991,21,65,1998,10,Male,979 Fifth Avenue,39.98,-82.98,11243,22922,9004,694,1,179888000,366752000,144064000,Hemat,Good
1328,28,68,1992,1,Female,441 Rose Lane,40.16,-83.06,41682,84987,162718,600,2,666912000,1359792000,2603488000,Boros,Fair
1901,63,69,1956,3,Female,292 First Avenue,43.69,-84.76,16542,33728,107287,730,3,264672000,539648000,1716592000,Hemat,Good
665,81,65,1939,1,Female,374 Lexington Street,41.23,-80.81,12406,11613,427,790,8,198496000,185808000,6832000,Hemat,Very Good
442,47,66,1972,8,Male,801 12th Drive,38.33,-90.4,23836,48600,23992,791,5,381376000,777600000,383872000,Boros,Very Good
1626,58,63,1961,7,Male,9212 Plum Avenue,35.15,-89.75,29571,60292,114223,531,1,473136000,964672000,1827568000,Boros,Poor
1539,42,61,1977,3,Female,215 Main Drive,42.82,-83.25,28463,58034,129546,676,2,455408000,928544000,2072736000,Boros,Good
601,68,67,1951,7,Male,5828 Wessex Drive,28.5,-81.37,15849,43004,15304,761,6,253584000,688064000,244864000,Normal,Very Good
541,51,70,1968,7,Female,2699 Littlewood Avenue,35.63,-95.95,14293,29144,35268,645,1,228688000,466304000,564288000,Hemat,Fair
210,46,63,1973,8,Male,7677 Little Creek Drive,29.45,-98.5,12677,25850,56285,630,1,202832000,413600000,900560000,Hemat,Fair
206,28,59,1992,2,Female,4633 Sixth Avenue,42.89,-85.72,18431,37583,51633,782,2,294896000,601328000,826128000,Normal,Very Good
926,20,60,1999,11,Female,88 George Street,41.14,-81.36,20305,41403,206131,776,1,324880000,662448000,3298096000,Normal,Very Good
115,61,69,1958,7,Male,386 11th Lane,40.93,-73.72,49546,101018,78115,748,6,792736000,1616288000,1249840000,Boros,Very Good
1779,30,69,1989,4,Male,989 Hill Lane,33.46,-82.5,15755,32125,58712,733,2,252080000,514000000,939392000,Hemat,Good
248,80,67,1939,12,Female,80471 Eighth Street,27.95,-82.48,13254,13596,352,684,4,212064000,217536000,5632000,Hemat,Good
1003,51,62,1968,11,Male,2003 Ninth Avenue,40.2,-74.78,39495,80526,117380,632,1,631920000,1288416000,1878080000,Boros,Fair
294,36,59,1983,8,Male,99 Mill Lane,33.83,-83.89,21556,43953,76915,607,1,344896000,703248000,1230640000,Normal,Fair
118,56,68,1963,12,Female,407 Seventh Lane,33.52,-86.79,15471,31533,42315,753,3,247536000,504528000,677040000,Hemat,Very Good
292,23,65,1996,9,Female,871 Second Street,32.79,-116.96,20947,42711,48493,717,1,335152000,683376000,775888000,Normal,Good
755,74,67,1945,11,Female,951 11th Avenue,33.82,-78.67,13409,23137,4871,642,5,214544000,370192000,77936000,Hemat,Fair
1878,18,64,2002,1,Male,631 Elm Drive,34.32,-118.38,19508,39778,60850,702,1,312128000,636448000,973600000,Normal,Good
1432,42,72,1977,8,Male,78 Lexington Street,40.96,-74.61,34205,69747,80763,741,4,547280000,1115952000,1292208000,Boros,Very Good
456,54,63,1965,10,Male,600 Grant Lane,26.63,-81.99,17140,34947,49024,751,3,274240000,559152000,784384000,Hemat,Very Good
623,63,60,1956,4,Male,3283 Park Lane,41.53,-87.87,32083,77961,39811,616,3,513328000,1247376000,636976000,Boros,Fair
1426,22,66,1997,4,Female,37 Norfolk Boulevard,40.33,-74.03,56252,114692,91575,805,2,900032000,1835072000,1465200000,Boros,Excellent
47,47,62,1972,9,Male,523 Federal Drive,40.84,-73.87,12475,25434,45540,712,4,199600000,406944000,728640000,Hemat,Good
760,56,64,1964,2,Female,532 Sixth Drive,39.98,-82.98,18420,37558,72514,778,3,294720000,600928000,1160224000,Normal,Very Good
956,30,66,1989,12,Female,714 North Drive,39.98,-82.98,23104,47110,57159,804,2,369664000,753760000,914544000,Normal,Excellent
194,52,68,1968,2,Male,531 Pine Avenue,40.34,-85.35,15048,30681,81680,746,4,240768000,490896000,1306880000,Hemat,Very Good
693,20,66,1999,8,Female,5342 Valley Stream Avenue,33.09,-96.88,31905,65051,220951,703,2,510480000,1040816000,3535216000,Boros,Good
1246,49,67,1970,5,Female,7499 Lake Boulevard,30.76,-88.12,15207,31008,60527,713,4,243312000,496128000,968432000,Hemat,Good
641,62,68,1957,11,Male,878 Forest Street,39.98,-82.98,18420,37556,0,735,6,294720000,600896000,0,Normal,Good
1060,76,68,1944,2,Male,359 Valley Street,39.77,-86.14,17909,21547,16040,785,5,286544000,344752000,256640000,Hemat,Very Good
1292,20,68,1999,4,Male,176 River Boulevard,35.7,-89.99,14249,29051,5819,774,2,227984000,464816000,93104000,Hemat,Very Good
1113,19,69,2000,5,Female,700 Madison Lane,41.76,-88.29,14200,28953,3619,738,2,227200000,463248000,57904000,Hemat,Good
245,39,65,1980,7,Female,3 Main Street,26.11,-80.39,28826,58774,94053,528,2,461216000,940384000,1504848000,Boros,Poor
774,46,61,1973,7,Male,671 Essex Street,42.41,-114.59,16378,33395,57774,588,2,262048000,534320000,924384000,Hemat,Fair
1822,87,65,1933,1,Female,7736 Eighth Boulevard,27.09,-82.43,14395,22894,1501,767,5,230320000,366304000,24016000,Hemat,Very Good
1209,45,67,1974,6,Female,95 12th Drive,40.94,-73.86,31299,63815,4832,699,6,500784000,1021040000,77312000,Boros,Good
997,57,67,1963,2,Female,339 Little Creek Lane,32.64,-116.98,26957,54963,105623,675,4,431312000,879408000,1689968000,Boros,Good
1180,28,69,1991,9,Male,18 Lake Avenue,40.71,-73.99,17624,35940,54354,595,3,281984000,575040000,869664000,Normal,Fair
318,62,67,1957,5,Male,75540 Valley Street,34.5,-118.01,18103,36911,93367,724,4,289648000,590576000,1493872000,Normal,Good
691,34,64,1985,12,Female,232 Jefferson Boulevard,38.39,-86.93,21991,44838,109951,561,1,351856000,717408000,1759216000,Normal,Poor
1993,59,72,1960,3,Female,963 11th Drive,37.35,-122.03,45509,92785,122254,786,6,728144000,1484560000,1956064000,Boros,Very Good
252,67,70,1953,1,Male,127 Grant Street,40.58,-82.42,17161,34985,29409,723,6,274576000,559760000,470544000,Hemat,Good
1757,39,68,1980,11,Male,2773 El Camino Lane,40.19,-85.39,20644,42086,79530,784,4,330304000,673376000,1272480000,Normal,Very Good
1324,45,61,1974,11,Female,535 Hill Boulevard,27.33,-82.54,19065,38872,94970,663,4,305040000,621952000,1519520000,Normal,Fair
1557,50,66,1970,2,Female,2516 Essex Drive,45.45,-122.79,23687,48295,109558,707,3,378992000,772720000,1752928000,Boros,Good
1555,28,64,1991,6,Female,5367 Pine Avenue,34.01,-86.01,19474,39708,113715,717,3,311584000,635328000,1819440000,Normal,Good
941,56,72,1963,6,Female,3248 Hill Drive,43.34,-73.67,22273,45416,82611,713,1,356368000,726656000,1321776000,Normal,Good
156,36,67,1983,7,Female,2062 Fourth Street,34.08,-117.46,13739,28007,0,691,4,219824000,448112000,0,Hemat,Good
24,48,64,1971,11,Female,55378 Burns Avenue,42.27,-89.06,18906,38554,47186,708,1,302496000,616864000,754976000,Normal,Good
302,27,67,1992,8,Female,9354 Lafayette Street,38.41,-78.61,18335,37384,120327,706,2,293360000,598144000,1925232000,Normal,Good
949,29,71,1990,11,Female,6595 Ocean Drive,40.45,-74.48,31234,63684,96864,709,5,499744000,1018944000,1549824000,Boros,Good
1281,92,61,1927,12,Female,34 Bayview Drive,34.1,-117.38,14632,26546,2480,689,6,234112000,424736000,39680000,Hemat,Good
1428,35,62,1984,11,Female,800 Ninth Boulevard,37.67,-92.66,13963,28472,42750,508,1,223408000,455552000,684000000,Hemat,Poor
433,49,65,1970,4,Male,6829 Main Boulevard,39.38,-89.07,15676,31957,12347,771,6,250816000,511312000,197552000,Hemat,Very Good
584,61,68,1958,8,Male,8823 South Drive,38.66,-121.37,14318,29195,64881,743,3,229088000,467120000,1038096000,Hemat,Very Good
1832,36,67,1983,10,Male,151 Lafayette Drive,40.71,-124.11,17839,36372,79220,684,2,285424000,581952000,1267520000,Normal,Good
222,48,70,1971,7,Female,9243 Oak Street,33.76,-84.33,45818,93417,115916,714,3,733088000,1494672000,1854656000,Boros,Good
648,40,61,1980,2,Female,466 Pine Drive,32.78,-108.26,14642,29854,66044,674,3,234272000,477664000,1056704000,Hemat,Good
1939,43,69,1976,11,Female,480 First Lane,33.95,-118.29,12362,25207,34107,685,1,197792000,403312000,545712000,Hemat,Good
722,25,66,1995,1,Male,3357 Hill Lane,41.01,-75.89,16168,32966,73741,707,1,258688000,527456000,1179856000,Hemat,Good
1889,66,67,1953,7,Male,23 El Camino Street,27.97,-82.76,23528,47972,0,748,5,376448000,767552000,0,Normal,Very Good
1229,50,66,1970,2,Male,421 Essex Street,35.18,-79.46,24206,49350,20942,713,6,387296000,789600000,335072000,Boros,Good
505,39,63,1980,12,Female,31 Lincoln Avenue,25.77,-80.29,14901,30383,58466,609,2,238416000,486128000,935456000,Hemat,Fair
1083,44,65,1975,3,Female,45682 Washington Lane,38.45,-82.64,18916,38568,66300,756,4,302656000,617088000,1060800000,Normal,Very Good
1656,35,69,1984,5,Female,350 Third Avenue,45.87,-95.37,20179,41141,81016,706,3,322864000,658256000,1296256000,Normal,Good
568,24,66,1996,2,Male,5573 Sixth Lane,42.5,-94.17,18895,38526,60556,778,1,302320000,616416000,968896000,Normal,Very Good
1373,35,66,1984,12,Female,834 Tenth Lane,41.07,-85.13,16764,34181,50668,764,2,268224000,546896000,810688000,Hemat,Very Good
667,83,63,1936,3,Male,588 Lincoln Street,35.98,-78.91,30325,41763,2279,714,5,485200000,668208000,36464000,Normal,Good
480,50,68,1969,11,Male,749 Oak Street,37.91,-122.01,42234,86113,177353,713,6,675744000,1377808000,2837648000,Boros,Good
569,52,73,1968,2,Male,29 Martin Luther King Lane,34.83,-92.2,22377,45625,81136,662,1,358032000,730000000,1298176000,Normal,Fair
1600,62,66,1957,9,Female,314 Fourth Street,47.67,-122.18,49629,101193,124771,747,3,794064000,1619088000,1996336000,Boros,Very Good
1063,64,66,1956,2,Male,690 Jefferson Lane,41.91,-89.06,18590,37898,36994,716,5,297440000,606368000,591904000,Normal,Good
32,82,67,1937,9,Female,7336 First Avenue,40.31,-79.54,23074,52315,3174,695,4,369184000,837040000,50784000,Boros,Good
1040,28,67,1991,10,Female,207 Washington Lane,39.86,-74.82,39269,80060,0,689,2,628304000,1280960000,0,Boros,Good
396,89,72,1930,10,Female,711 South Boulevard,42.07,-87.81,38274,50341,3270,735,5,612384000,805456000,52320000,Boros,Good
1498,47,66,1972,7,Female,69590 Rose Drive,39.68,-74.98,24911,50790,3547,726,4,398576000,812640000,56752000,Boros,Good
104,33,65,1986,11,Female,2043 Mill Street,32.69,-97.01,18334,37384,49182,713,3,293344000,598144000,786912000,Normal,Good
1062,58,65,1961,6,Male,55 Fourth Drive,41.57,-75.25,17302,35274,35234,708,3,276832000,564384000,563744000,Hemat,Good
1845,30,68,1989,7,Male,498 Mountain View Avenue,40.53,-89.35,23199,47300,93788,784,1,371184000,756800000,1500608000,Normal,Very Good
1657,35,68,1984,9,Male,600 River Lane,33.87,-118.21,12849,26201,42551,655,1,205584000,419216000,680816000,Hemat,Fair
1106,62,62,1958,2,Female,1563 Summit Boulevard,34.13,-118.24,16842,20783,23623,699,3,269472000,332528000,377968000,Hemat,Good
1867,33,69,1986,10,Male,514 Sixth Boulevard,29.45,-98.5,21563,43968,71218,644,1,345008000,703488000,1139488000,Normal,Fair
1045,27,66,1992,7,Male,5222 Valley Stream Avenue,33.41,-82.31,16568,33778,10058,757,1,265088000,540448000,160928000,Hemat,Very Good
1786,48,63,1971,3,Female,7554 Sixth Street,40.83,-81.26,18936,38611,93255,755,5,302976000,617776000,1492080000,Normal,Very Good
1569,68,65,1951,3,Female,7276 Valley Drive,43.54,-96.73,20153,39082,16870,722,4,322448000,625312000,269920000,Normal,Good
899,29,65,1990,6,Female,5544 Grant Avenue,42.24,-83.62,23487,47891,114299,629,1,375792000,766256000,1828784000,Normal,Fair
1595,47,65,1972,5,Female,4191 Maple Avenue,40.84,-73.87,25537,52063,87549,753,2,408592000,833008000,1400784000,Boros,Very Good
446,23,68,1997,1,Male,28 Madison Lane,40.69,-73.73,24200,49342,56137,703,1,387200000,789472000,898192000,Boros,Good
53,49,68,1970,12,Female,7406 Mill Avenue,38.62,-120.62,19471,39700,59062,701,3,311536000,635200000,944992000,Normal,Good
1136,23,65,1996,12,Male,1430 Elm Avenue,37.56,-121.98,33727,68767,119831,723,3,539632000,1100272000,1917296000,Boros,Good
551,65,67,1955,1,Male,54 George Avenue,39.14,-119.71,19392,39543,53182,776,3,310272000,632688000,850912000,Normal,Very Good
1491,41,68,1978,4,Female,40 River Boulevard,32.25,-111.08,22662,46209,56034,710,4,362592000,739344000,896544000,Normal,Good
330,36,71,1984,2,Male,271 Sixth Drive,40.24,-75.28,31595,64419,183210,711,1,505520000,1030704000,2931360000,Boros,Good
392,50,65,1969,11,Female,687 Fifth Boulevard,27.64,-80.39,16234,33098,59605,775,3,259744000,529568000,953680000,Hemat,Very Good
1144,57,66,1962,12,Female,545 Eighth Avenue,29.76,-95.38,14959,30495,70825,773,4,239344000,487920000,1133200000,Hemat,Very Good
1163,45,61,1975,1,Male,2270 Sixth Lane,29.99,-95.26,32943,67170,114251,489,3,527088000,1074720000,1828016000,Boros,Poor
230,39,65,1980,10,Female,675 Fifth Avenue,30.44,-91.12,17412,35501,78801,693,4,278592000,568016000,1260816000,Normal,Good
1066,46,65,1973,6,Female,9846 Second Lane,40.27,-75.26,26545,54124,0,727,2,424720000,865984000,0,Boros,Good
460,65,65,1954,12,Male,696 George Lane,41.02,-73.8,44664,40957,64144,608,4,714624000,655312000,1026304000,Normal,Fair
1661,42,67,1977,5,Female,939 Main Lane,39.09,-76.85,35553,72478,63078,728,2,568848000,1159648000,1009248000,Boros,Good
1926,70,67,1950,1,Female,867 Valley Stream Boulevard,28.78,-81.27,17736,26574,5244,689,3,283776000,425184000,83904000,Hemat,Good
27,78,63,1941,8,Female,3553 Mountain View Drive,32.28,-90.0,22304,23821,22427,613,8,356864000,381136000,358832000,Hemat,Fair
365,55,70,1964,9,Female,1392 Plum Avenue,40.64,-73.94,18719,38165,45891,719,1,299504000,610640000,734256000,Normal,Good
50,68,72,1951,7,Female,267 Birch Boulevard,45.82,-88.06,19243,39238,85457,702,4,307888000,627808000,1367312000,Normal,Good
653,19,65,2001,2,Female,939 Lake Drive,41.64,-71.0,25308,51601,79143,745,1,404928000,825616000,1266288000,Boros,Very Good
743,44,66,1975,4,Female,5810 Sixth Drive,35.64,-78.0,15938,32491,24515,682,3,255008000,519856000,392240000,Hemat,Good
999,19,62,2000,10,Female,2481 Hillside Street,42.26,-71.11,23691,48308,106571,703,4,379056000,772928000,1705136000,Boros,Good
940,49,61,1970,6,Female,620 12th Avenue,25.77,-80.2,20499,41800,67836,699,6,327984000,668800000,1085376000,Normal,Good
534,27,74,1993,2,Female,31919 Summit Boulevard,41.72,-93.6,29680,60510,23196,790,3,474880000,968160000,371136000,Boros,Very Good
1460,24,65,1995,7,Female,7454 12th Lane,42.52,-87.88,30288,61760,163824,590,2,484608000,988160000,2621184000,Boros,Fair
59,85,69,1934,8,Female,726 Oak Avenue,32.78,-108.26,16654,25066,424,695,7,266464000,401056000,6784000,Hemat,Good
1908,78,66,1942,2,Female,3601 Catherine Boulevard,35.97,-83.94,24801,44469,12777,733,5,396816000,711504000,204432000,Normal,Good
1436,21,55,1998,8,Female,729 Wessex Avenue,41.52,-87.42,21992,44842,54189,500,4,351872000,717472000,867024000,Normal,Poor
1230,18,50,2002,1,Male,66 Birch Lane,32.3,-80.92,14305,29169,37230,754,1,228880000,466704000,595680000,Hemat,Very Good
324,21,68,1998,7,Female,5995 Valley Stream Avenue,45.55,-122.73,42850,87372,40547,792,3,685600000,1397952000,648752000,Boros,Very Good
992,46,70,1973,4,Male,574 Norfolk Street,37.37,-77.5,26918,54881,3584,700,4,430688000,878096000,57344000,Boros,Good
198,49,73,1970,3,Female,732 Lincoln Drive,27.95,-82.48,15447,31497,30805,702,3,247152000,503952000,492880000,Hemat,Good
1017,24,69,1995,7,Male,7043 Ocean Avenue,34.14,-119.1,14076,28703,94364,560,1,225216000,459248000,1509824000,Hemat,Poor
1813,35,66,1984,4,Female,334 Birch Drive,35.82,-87.01,27637,56350,120125,808,4,442192000,901600000,1922000000,Boros,Excellent
1989,31,66,1988,12,Male,3487 Bayview Drive,38.81,-76.75,33295,67886,7137,803,4,532720000,1086176000,114192000,Boros,Excellent
1148,54,70,1965,4,Male,377 Lake Lane,39.95,-75.16,18007,36711,47490,687,4,288112000,587376000,759840000,Normal,Good
872,61,66,1959,1,Female,96 Lake Lane,41.88,-87.84,15451,31505,59730,655,4,247216000,504080000,955680000,Hemat,Fair
458,46,62,1973,11,Male,298 Federal Avenue,33.63,-112.09,24064,49068,123937,530,2,385024000,785088000,1982992000,Boros,Poor
920,41,68,1978,11,Female,37 Sixth Lane,35.11,-106.62,14078,28704,103891,700,2,225248000,459264000,1662256000,Hemat,Good
1598,82,61,1937,6,Male,996 Valley Drive,36.83,-119.79,12508,26126,1213,697,5,200128000,418016000,19408000,Hemat,Good
1876,50,70,1969,7,Male,2040 Washington Boulevard,38.05,-84.72,21869,44587,17148,775,6,349904000,713392000,274368000,Normal,Very Good
412,25,65,1994,10,Male,7091 Lexington Lane,36.07,-94.15,22964,46822,0,810,4,367424000,749152000,0,Normal,Excellent
190,40,67,1979,4,Male,5468 Little Creek Drive,42.03,-87.73,21801,44452,12409,711,5,348816000,711232000,198544000,Normal,Good
163,37,73,1983,2,Male,169 Oak Street,41.37,-79.7,16237,33108,44044,829,2,259792000,529728000,704704000,Hemat,Excellent
567,25,69,1994,6,Male,9804 Third Street,35.74,-81.69,16445,33534,76166,761,3,263120000,536544000,1218656000,Hemat,Very Good
503,47,61,1973,2,Female,54 Valley Lane,41.83,-87.68,14497,29564,54279,694,2,231952000,473024000,868464000,Hemat,Good
469,67,67,1952,3,Female,488 Bayview Boulevard,33.88,-117.85,26675,46945,17835,682,4,426800000,751120000,285360000,Normal,Good
1851,48,72,1972,1,Male,73 Essex Lane,35.83,-78.83,37121,75682,37163,727,5,593936000,1210912000,594608000,Boros,Good
1523,61,73,1958,10,Female,7561 Valley Avenue,36.07,-79.82,19453,39661,74740,850,4,311248000,634576000,1195840000,Normal,Excellent
35,20,64,1999,6,Male,8460 Oak Lane,43.66,-70.25,23785,48495,97630,773,3,380560000,775920000,1562080000,Boros,Very Good
317,67,65,1952,3,Female,816 El Camino Drive,39.74,-121.6,15436,19199,15091,715,3,246976000,307184000,241456000,Hemat,Good
1195,75,68,1944,7,Male,1222 First Drive,44.01,-92.47,23553,40696,15691,801,6,376848000,651136000,251056000,Normal,Excellent
1238,31,72,1988,7,Female,95410 Pine Boulevard,38.87,-77.1,47408,96661,73401,721,2,758528000,1546576000,1174416000,Boros,Good
432,55,64,1964,11,Female,4329 El Camino Boulevard,36.08,-81.92,13018,26546,32087,686,5,208288000,424736000,513392000,Hemat,Good
1082,34,67,1985,10,Female,316 Valley Stream Avenue,37.23,-119.49,16643,33934,42945,622,3,266288000,542944000,687120000,Hemat,Fair
120,50,71,1969,9,Female,64 Mill Street,42.88,-88.0,29924,61008,0,781,4,478784000,976128000,0,Boros,Very Good
1289,33,64,1986,11,Male,27934 11th Street,26.14,-80.13,20995,42808,117011,758,1,335920000,684928000,1872176000,Normal,Very Good
1502,21,67,1999,2,Male,92196 Tenth Drive,39.1,-77.55,44196,90104,85204,787,2,707136000,1441664000,1363264000,Boros,Very Good
1497,55,64,1964,12,Female,292 Tenth Street,38.53,-121.44,17435,35553,76077,623,1,278960000,568848000,1217232000,Normal,Fair
1047,26,67,1994,2,Male,225 Ocean View Avenue,37.55,-77.46,26269,53554,119852,689,2,420304000,856864000,1917632000,Boros,Good
0,33,69,1986,3,Male,858 Plum Avenue,43.59,-70.33,29237,59613,36199,763,4,467792000,953808000,579184000,Boros,Very Good
351,91,70,1928,9,Female,984 Little Creek Lane,40.77,-73.84,13810,17150,375,807,6,220960000,274400000,6000000,Hemat,Excellent
1797,67,65,1952,11,Male,391 Martin Luther King Boulevard,37.71,-122.16,24971,30962,15336,743,5,399536000,495392000,245376000,Hemat,Very Good
1386,59,62,1960,6,Male,485 Birch Boulevard,41.39,-84.12,18600,37927,79299,712,1,297600000,606832000,1268784000,Normal,Good
1122,33,66,1986,11,Female,776 Bayview Avenue,40.84,-73.28,34188,69706,97070,785,2,547008000,1115296000,1553120000,Boros,Very Good
255,18,57,2001,8,Female,8026 East Drive,29.79,-95.82,21214,43253,56323,718,1,339424000,692048000,901168000,Normal,Good
765,18,68,2002,2,Male,188 Ninth Boulevard,37.78,-90.42,17707,36101,46425,778,2,283312000,577616000,742800000,Normal,Very Good
703,53,66,1966,11,Female,864 Jefferson Drive,30.23,-92.19,19798,40363,111112,711,4,316768000,645808000,1777792000,Normal,Good
1919,83,59,1936,11,Male,7994 Maple Lane,40.95,-72.19,37846,80493,2027,610,5,605536000,1287888000,32432000,Boros,Fair
791,78,57,1941,11,Female,939 Mill Street,33.98,-117.65,22682,39263,24246,645,4,362912000,628208000,387936000,Normal,Fair
199,67,67,1952,4,Female,7927 Plum Lane,33.1,-96.66,32580,78329,40161,720,3,521280000,1253264000,642576000,Boros,Good
282,42,66,1977,5,Male,260 Spruce Avenue,29.45,-98.5,12547,25585,59827,702,4,200752000,409360000,957232000,Hemat,Good
908,62,70,1957,8,Male,3776 Bayview Lane,35.69,-78.62,22685,46256,106753,650,3,362960000,740096000,1708048000,Normal,Fair
880,28,65,1991,3,Male,231 Littlewood Avenue,48.95,-122.43,19301,39354,26700,685,2,308816000,629664000,427200000,Normal,Good
770,35,66,1984,8,Male,33 Second Boulevard,33.04,-96.74,29793,60746,88165,706,4,476688000,971936000,1410640000,Boros,Good
1169,51,68,1968,11,Female,375 Hillside Drive,30.54,-97.64,30358,61901,29627,726,7,485728000,990416000,474032000,Boros,Good
522,26,65,1994,2,Female,4726 Third Street,38.46,-85.95,21313,43454,79295,774,2,341008000,695264000,1268720000,Normal,Very Good
1736,43,67,1977,1,Male,2479 Valley Avenue,40.64,-73.94,22456,45789,94014,695,4,359296000,732624000,1504224000,Normal,Good
506,56,68,1964,1,Male,2742 El Camino Boulevard,42.71,-78.93,25916,52841,36288,733,5,414656000,845456000,580608000,Boros,Good
131,23,75,1996,10,Female,5883 Sixth Street,34.22,-80.68,18494,37717,60367,688,3,295904000,603472000,965872000,Normal,Good
76,22,63,1997,8,Female,3269 River Street,40.23,-83.37,25313,51613,62635,649,2,405008000,825808000,1002160000,Boros,Fair
249,42,69,1977,9,Female,6777 First Drive,34.1,-117.38,14632,29835,46702,618,7,234112000,477360000,747232000,Hemat,Fair
1279,78,65,1941,7,Male,22 East Avenue,42.47,-83.49,34259,62103,33545,509,4,548144000,993648000,536720000,Boros,Poor
1652,51,65,1969,2,Female,733 Maple Drive,38.95,-92.32,20966,42749,53471,728,4,335456000,683984000,855536000,Normal,Good
739,38,64,1981,7,Female,6022 Mill Street,29.76,-95.38,33925,69171,102537,622,1,542800000,1106736000,1640592000,Boros,Fair
1475,98,60,1921,11,Female,412 Burns Drive,21.31,-158.01,22778,42306,472,725,5,364448000,676896000,7552000,Normal,Good
1251,29,67,1990,10,Female,645 Tenth Boulevard,32.84,-116.88,20673,42150,39663,750,3,330768000,674400000,634608000,Normal,Very Good
1119,23,63,1996,11,Female,994 Second Lane,38.83,-76.92,23340,47589,114020,763,4,373440000,761424000,1824320000,Normal,Very Good
592,68,65,1952,2,Male,69 Spruce Avenue,35.32,-82.46,13634,23993,2573,714,5,218144000,383888000,41168000,Hemat,Good
692,52,65,1967,8,Female,23 Sussex Lane,42.92,-82.88,20942,42701,53696,701,4,335072000,683216000,859136000,Normal,Good
1065,41,69,1978,8,Female,6157 Washington Drive,33.45,-117.66,27622,56320,84614,792,3,441952000,901120000,1353824000,Boros,Very Good
1764,59,68,1960,6,Male,4728 George Drive,42.96,-85.65,15472,31550,26738,710,3,247552000,504800000,427808000,Hemat,Good
1830,56,75,1963,9,Male,1184 Essex Lane,35.05,-83.19,15899,32418,84507,758,4,254384000,518688000,1352112000,Hemat,Very Good
157,47,65,1972,10,Male,6232 Second Avenue,33.83,-117.2,16109,32847,3230,785,3,257744000,525552000,51680000,Hemat,Very Good
676,40,65,1980,2,Male,663 Third Drive,33.09,-96.88,31905,65053,83571,775,2,510480000,1040848000,1337136000,Boros,Very Good
1481,72,65,1947,6,Male,527 Federal Avenue,37.78,-121.99,0,2422,810,632,2,0,38752000,12960000,Hemat,Fair
1902,36,68,1984,2,Female,4350 Valley Boulevard,39.74,-81.51,15950,32522,28260,769,2,255200000,520352000,452160000,Hemat,Very Good
123,43,66,1976,9,Female,5180 Burns Boulevard,33.24,-84.27,17811,36315,0,824,3,284976000,581040000,0,Normal,Excellent
1995,64,62,1955,7,Female,28 First Lane,39.92,-77.71,20943,39206,9219,605,4,335088000,627296000,147504000,Normal,Fair
1688,27,66,1992,7,Female,8555 Eighth Avenue,37.16,-81.5,16501,33641,40696,743,1,264016000,538256000,651136000,Hemat,Very Good
1895,56,65,1963,3,Female,900 Littlewood Street,39.75,-74.22,20034,40848,146608,706,2,320544000,653568000,2345728000,Normal,Good
1891,47,66,1973,2,Female,96 Jefferson Street,29.19,-81.05,16733,34112,39842,725,4,267728000,545792000,637472000,Hemat,Good
453,26,67,1994,2,Female,682 Martin Luther King Avenue,32.79,-96.76,63159,128775,232506,655,1,1010544000,2060400000,3720096000,Boros,Fair
341,50,66,1969,10,Male,517 Eighth Drive,40.87,-73.4,51032,104045,0,734,3,816512000,1664720000,0,Boros,Good
1571,58,66,1961,6,Female,385 Jefferson Avenue,36.29,-86.6,25166,51316,0,759,6,402656000,821056000,0,Boros,Very Good
1615,66,59,1954,1,Female,1105 Second Drive,42.31,-83.21,24561,48690,36262,701,6,392976000,779040000,580192000,Boros,Good
1647,18,65,2002,2,Female,1358 Plum Avenue,41.31,-79.38,17321,35311,44783,684,5,277136000,564976000,716528000,Normal,Good
680,42,63,1977,8,Female,800 Madison Street,28.5,-81.37,13414,27354,42226,799,1,214624000,437664000,675616000,Hemat,Very Good
52,56,66,1963,4,Female,13 Rose Boulevard,41.56,-73.59,31288,63796,82173,730,3,500608000,1020736000,1314768000,Boros,Good
1387,28,65,1991,5,Male,104 First Boulevard,35.72,-78.84,32485,66237,146680,785,1,519760000,1059792000,2346880000,Boros,Very Good
1034,58,66,1961,7,Female,427 Essex Lane,35.12,-80.71,27254,55569,76181,698,6,436064000,889104000,1218896000,Boros,Good
677,40,65,1979,5,Male,855 Sussex Avenue,44.94,-93.1,32972,67226,128174,729,3,527552000,1075616000,2050784000,Boros,Good
440,43,50,1976,11,Female,689 Valley Stream Lane,42.67,-70.98,52066,106159,144773,703,5,833056000,1698544000,2316368000,Boros,Good
338,68,72,1951,8,Female,222 Lafayette Lane,42.83,-78.63,24651,50258,0,686,3,394416000,804128000,0,Boros,Good
1120,44,69,1975,5,Female,4868 Lake Lane,33.72,-118.0,26966,54981,121701,737,1,431456000,879696000,1947216000,Boros,Good
1127,59,70,1960,8,Male,60396 Elm Street,26.14,-81.79,17455,35590,92603,720,4,279280000,569440000,1481648000,Normal,Good
1662,41,67,1978,5,Male,469 Pine Street,38.53,-90.0,24509,49967,58582,712,4,392144000,799472000,937312000,Boros,Good
1462,30,63,1989,7,Female,4788 Jefferson Boulevard,44.1,-122.8,18446,37610,64933,586,1,295136000,601760000,1038928000,Normal,Fair
1848,31,66,1988,11,Female,4947 Sussex Boulevard,40.1,-74.93,24817,50599,83732,791,2,397072000,809584000,1339712000,Boros,Very Good
1444,64,67,1955,10,Male,8999 Washington Drive,40.63,-73.63,32805,66885,144703,698,7,524880000,1070160000,2315248000,Boros,Good
45,61,67,1959,1,Female,9473 Mill Street,40.86,-74.15,31281,63781,111808,654,1,500496000,1020496000,1788928000,Boros,Fair
1102,49,65,1970,7,Female,836 Bayview Avenue,36.12,-95.91,46461,94733,0,707,5,743376000,1515728000,0,Boros,Good
1636,49,66,1970,5,Male,4882 Mountain View Lane,39.09,-94.58,12064,24598,23019,695,4,193024000,393568000,368304000,Hemat,Good
502,46,66,1974,1,Male,434 Bayview Avenue,40.93,-79.59,17870,36440,30574,745,2,285920000,583040000,489184000,Normal,Very Good
1630,24,65,1996,1,Male,716 Bayview Avenue,36.11,-80.81,15545,31693,98206,719,1,248720000,507088000,1571296000,Hemat,Good
266,19,65,2000,3,Female,39 Park Lane,34.02,-118.15,13485,27494,26097,724,1,215760000,439904000,417552000,Hemat,Good
5,65,65,1955,2,Male,1032 Second Lane,42.95,-77.13,19095,20614,14042,711,2,305520000,329824000,224672000,Hemat,Good
1712,82,65,1938,1,Female,1437 Madison Lane,32.79,-96.76,27814,66999,3140,730,5,445024000,1071984000,50240000,Boros,Good
1360,41,61,1978,4,Male,4693 Elm Lane,30.75,-86.57,19066,38874,64474,672,3,305056000,621984000,1031584000,Normal,Good
1013,25,69,1995,1,Female,834 Elm Avenue,38.99,-105.05,23550,48017,95549,711,1,376800000,768272000,1528784000,Boros,Good
993,47,64,1972,8,Female,5647 Burns Boulevard,29.43,-90.3,21966,44789,94789,638,1,351456000,716624000,1516624000,Normal,Fair
642,35,62,1984,5,Female,96 Ninth Drive,33.11,-94.16,16746,34143,49839,648,4,267936000,546288000,797424000,Hemat,Fair
1871,83,65,1936,7,Male,3241 Park Lane,35.11,-106.62,15385,16611,1797,696,5,246160000,265776000,28752000,Hemat,Good
1721,36,68,1983,3,Female,620 River Boulevard,46.11,-118.3,18880,38496,64688,642,2,302080000,615936000,1035008000,Normal,Fair
868,78,64,1941,11,Male,5004 Lake Street,35.46,-97.51,16016,31046,11436,706,6,256256000,496736000,182976000,Hemat,Good
1517,37,71,1982,3,Male,7954 Wessex Boulevard,38.9,-77.26,60593,123540,236393,764,4,969488000,1976640000,3782288000,Boros,Very Good
364,65,65,1954,5,Female,9052 River Lane,35.79,-83.97,18273,39809,0,775,4,292368000,636944000,0,Normal,Very Good
686,64,65,1956,1,Male,25521 First Street,32.53,-82.92,16958,34576,81087,683,1,271328000,553216000,1297392000,Hemat,Good
696,74,67,1945,7,Female,5064 North Lane,40.63,-73.72,45685,110570,5700,766,8,730960000,1769120000,91200000,Boros,Very Good
962,28,69,1992,1,Male,564 Catherine Lane,44.52,-87.98,16801,34262,60506,846,2,268816000,548192000,968096000,Hemat,Excellent
1407,40,71,1979,12,Male,9466 Essex Street,33.43,-86.99,19851,40473,54899,689,4,317616000,647568000,878384000,Normal,Good
1015,33,67,1986,4,Female,9761 East Street,33.88,-84.37,47453,96744,128122,838,5,759248000,1547904000,2049952000,Boros,Excellent
1456,48,70,1971,8,Male,884 Tenth Drive,33.12,-89.05,15316,31231,40499,681,3,245056000,499696000,647984000,Hemat,Good
1861,57,65,1962,5,Female,992 Forest Street,33.1,-96.66,32580,66427,103290,779,5,521280000,1062832000,1652640000,Boros,Very Good
161,31,70,1988,11,Male,237 Hill Lane,31.56,-97.18,11512,23469,22976,731,3,184192000,375504000,367616000,Hemat,Good
263,30,69,1989,11,Male,8687 Ninth Drive,40.09,-74.21,13006,26519,63979,663,3,208096000,424304000,1023664000,Hemat,Fair
1389,40,64,1979,8,Female,6950 Federal Avenue,33.83,-86.26,17067,34799,72749,793,2,273072000,556784000,1163984000,Hemat,Very Good
1707,28,70,1991,12,Female,816 Little Creek Lane,46.12,-123.67,17260,35194,56006,620,1,276160000,563104000,896096000,Hemat,Fair
1374,28,66,1991,7,Female,7004 Mill Drive,42.45,-87.84,19463,39679,93772,758,2,311408000,634864000,1500352000,Normal,Very Good
1855,67,66,1952,3,Male,1 Burns Lane,37.3,-121.8,25115,31287,25844,728,4,401840000,500592000,413504000,Hemat,Good
867,26,71,1993,9,Male,381 Sussex Avenue,31.07,-97.61,19032,38805,54466,614,2,304512000,620880000,871456000,Normal,Fair
274,43,67,1976,4,Female,4 North Street,38.89,-77.03,23940,48810,0,799,3,383040000,780960000,0,Boros,Very Good
1552,62,67,1957,6,Male,896 Madison Boulevard,43.65,-116.43,22290,45450,85218,686,3,356640000,727200000,1363488000,Normal,Good
635,25,64,1994,7,Female,5338 Fifth Boulevard,40.76,-74.03,16770,34201,42895,731,1,268320000,547216000,686320000,Hemat,Good
1526,53,64,1966,3,Female,5773 River Street,40.94,-121.74,16742,34137,80467,671,4,267872000,546192000,1287472000,Hemat,Good
319,67,67,1952,12,Male,388 Third Avenue,36.75,-119.67,17683,28357,10400,628,2,282928000,453712000,166400000,Hemat,Fair
740,30,62,1989,8,Female,9104 Second Avenue,29.76,-95.38,15862,32343,39656,683,3,253792000,517488000,634496000,Hemat,Good
965,18,68,2002,1,Female,2108 Spruce Lane,38.58,-121.4,20670,42142,116857,713,2,330720000,674272000,1869712000,Normal,Good
1421,30,65,1989,7,Male,7691 Ocean View Avenue,35.11,-77.07,16177,32985,32764,740,2,258832000,527760000,524224000,Hemat,Very Good
1538,82,62,1937,8,Male,58 River Avenue,40.71,-73.99,16494,23572,216,590,2,263904000,377152000,3456000,Hemat,Fair
1101,25,70,1994,12,Female,142 Rose Drive,42.11,-72.53,14155,28862,20944,751,2,226480000,461792000,335104000,Hemat,Very Good
92,76,68,1943,10,Female,2760 Forest Drive,43.54,-96.73,21089,31145,5132,689,4,337424000,498320000,82112000,Hemat,Good
125,64,70,1956,2,Female,9505 Martin Luther King Avenue,37.63,-121.01,13015,26535,93592,724,5,208240000,424560000,1497472000,Hemat,Good
449,58,70,1962,2,Female,901 Oak Street,40.56,-79.75,19517,39796,9452,729,5,312272000,636736000,151232000,Normal,Good
1173,71,67,1948,3,Male,3095 Hill Boulevard,42.83,-106.32,25502,51703,5371,722,7,408032000,827248000,85936000,Boros,Good
1810,66,66,1953,12,Male,350 North Street,42.22,-83.36,18879,31175,5846,711,5,302064000,498800000,93536000,Hemat,Good
1843,89,73,1930,11,Male,89 Wessex Street,41.5,-87.63,16503,38761,69,760,7,264048000,620176000,1104000,Normal,Very Good
1578,86,62,1933,11,Male,3899 Seventh Lane,30.33,-81.65,19382,33291,695,714,2,310112000,532656000,11120000,Hemat,Good
658,40,64,1980,2,Female,7476 First Lane,29.67,-82.33,25812,52630,68559,725,4,412992000,842080000,1096944000,Boros,Good
1858,73,64,1946,12,Male,6781 Spruce Boulevard,34.25,-118.41,14317,26481,10392,705,1,229072000,423696000,166272000,Hemat,Good
1663,24,59,1995,7,Male,276 12th Boulevard,41.83,-87.68,0,2370,4397,581,1,0,37920000,70352000,Hemat,Fair
1503,59,67,1960,3,Male,1362 Norfolk Drive,32.35,-86.28,21102,43021,86014,725,4,337632000,688336000,1376224000,Normal,Good
725,18,68,2002,1,Male,392 Rose Drive,42.35,-71.06,21809,44466,3096,709,2,348944000,711456000,49536000,Normal,Good
1671,50,57,1969,3,Male,1559 Tenth Street,27.95,-82.48,21033,42886,60474,604,1,336528000,686176000,967584000,Normal,Fair
1233,35,67,1984,5,Male,315 Little Creek Lane,38.71,-90.12,18560,37843,40003,697,3,296960000,605488000,640048000,Normal,Good
1271,34,66,1985,10,Male,539 Maple Drive,36.11,-80.07,23738,48398,138998,642,3,379808000,774368000,2223968000,Boros,Fair
473,33,66,1986,10,Female,26191 George Drive,42.38,-83.1,13820,28181,37929,682,2,221120000,450896000,606864000,Hemat,Good
1541,48,65,1971,10,Female,7139 Lake Boulevard,36.09,-84.13,18353,37422,127116,681,5,293648000,598752000,2033856000,Normal,Good
149,24,54,1995,3,Female,5 Hill Avenue,33.02,-117.12,44747,91237,231619,594,1,715952000,1459792000,3705904000,Boros,Fair
560,59,65,1960,4,Male,9099 Little Creek Drive,44.96,-93.26,21535,43913,83944,676,4,344560000,702608000,1343104000,Normal,Good
1006,37,68,1982,4,Male,7559 Forest Boulevard,41.53,-87.26,21851,44550,117302,761,3,349616000,712800000,1876832000,Normal,Very Good
368,75,73,1945,2,Male,2842 Littlewood Avenue,28.5,-81.37,20121,42806,20432,726,6,321936000,684896000,326912000,Normal,Good
1696,63,65,1956,12,Female,4461 Hill Street,28.32,-80.68,26339,53702,85160,606,1,421424000,859232000,1362560000,Boros,Fair
416,86,65,1933,8,Female,5220 Lincoln Street,36.17,-86.78,20030,38273,1658,765,6,320480000,612368000,26528000,Normal,Very Good
51,29,67,1991,2,Female,3260 Hillside Lane,36.29,-86.6,25166,51303,106248,688,3,402656000,820848000,1699968000,Boros,Good
196,44,64,1975,5,Female,518 Norfolk Avenue,33.29,-83.96,17545,35775,67263,773,1,280720000,572400000,1076208000,Normal,Very Good
690,71,64,1948,3,Female,149 Burns Boulevard,39.59,-105.01,31024,67186,29682,692,1,496384000,1074976000,474912000,Boros,Good
1477,47,67,1972,7,Male,30 First Lane,40.15,-82.68,22934,46763,65106,696,3,366944000,748208000,1041696000,Normal,Good
260,62,70,1958,2,Male,142 Catherine Street,26.21,-98.31,14275,29110,23504,699,3,228400000,465760000,376064000,Hemat,Good
857,90,62,1929,10,Male,3019 Elm Drive,39.46,-74.99,17685,41831,1100,615,1,282960000,669296000,17600000,Normal,Fair
1167,42,65,1978,1,Female,606 Spruce Boulevard,40.33,-75.92,24089,49117,42380,769,3,385424000,785872000,678080000,Boros,Very Good
1358,69,70,1950,4,Female,128 Main Street,43.1,-89.5,33808,68930,72619,768,4,540928000,1102880000,1161904000,Boros,Very Good
1611,68,58,1952,1,Female,44 Ocean Avenue,33.87,-78.63,13907,20334,9544,684,2,222512000,325344000,152704000,Hemat,Good
734,43,61,1976,7,Female,57799 Oak Boulevard,42.88,-78.85,12220,24917,36101,693,2,195520000,398672000,577616000,Hemat,Good
1507,39,67,1980,12,Female,1533 Martin Luther King Lane,42.48,-89.03,21749,44344,82822,744,3,347984000,709504000,1325152000,Normal,Very Good
504,38,68,1982,1,Female,377 Mountain View Drive,37.88,-89.49,16825,34311,61776,705,2,269200000,548976000,988416000,Hemat,Good
524,57,62,1962,3,Male,252 Eighth Lane,38.37,-81.81,17282,35239,43270,726,1,276512000,563824000,692320000,Hemat,Good
525,55,66,1964,4,Male,959 Tenth Street,38.29,-120.58,18223,37147,0,703,3,291568000,594352000,0,Normal,Good
250,50,64,1970,2,Female,61674 Elm Drive,44.52,-122.81,17003,34671,55643,786,6,272048000,554736000,890288000,Hemat,Very Good
479,57,69,1962,10,Male,936 12th Street,39.11,-76.55,30004,61173,71422,692,3,480064000,978768000,1142752000,Boros,Good
343,55,72,1964,9,Female,919 Ocean View Lane,37.73,-121.24,23368,47643,45706,764,8,373888000,762288000,731296000,Normal,Very Good
1196,60,61,1959,6,Female,498 Elm Lane,35.24,-113.76,17113,34895,56622,820,4,273808000,558320000,905952000,Hemat,Excellent
1530,64,68,1956,2,Female,25 Elm Street,32.93,-97.22,0,1785,2892,732,3,0,28560000,46272000,Hemat,Good
1963,98,69,1921,11,Male,468 Spruce Street,38.35,-121.93,26137,33869,370,821,7,418192000,541904000,5920000,Hemat,Excellent
764,77,68,1943,1,Female,6864 Norfolk Boulevard,32.61,-83.63,20835,31066,20902,712,4,333360000,497056000,334432000,Hemat,Good
213,37,68,1982,5,Female,345 George Street,32.91,-96.62,27057,55172,96779,629,3,432912000,882752000,1548464000,Boros,Fair
410,54,60,1966,2,Female,72990 Second Drive,40.62,-96.63,23029,46956,94340,610,2,368464000,751296000,1509440000,Normal,Fair
1685,53,61,1966,7,Male,5886 Ninth Boulevard,33.61,-111.89,36300,74012,93119,681,2,580800000,1184192000,1489904000,Boros,Good
225,32,68,1987,3,Male,69080 Spruce Street,29.76,-95.38,20055,40887,50734,688,4,320880000,654192000,811744000,Normal,Good
1210,32,65,1987,11,Male,6415 Sussex Lane,41.0,-76.85,16935,34531,60156,703,4,270960000,552496000,962496000,Hemat,Good
1336,18,67,2001,7,Female,243 Forest Lane,40.66,-73.84,26481,53995,154800,673,1,423696000,863920000,2476800000,Boros,Good
576,68,64,1951,6,Female,478 Hill Avenue,33.95,-84.54,30747,63502,24100,638,7,491952000,1016032000,385600000,Boros,Fair
1677,51,67,1969,2,Male,849 Littlewood Drive,33.57,-101.87,16272,33178,92366,671,2,260352000,530848000,1477856000,Hemat,Good
1969,84,65,1935,4,Male,402 El Camino Drive,27.48,-82.57,29583,44690,2249,733,5,473328000,715040000,35984000,Normal,Good
1431,56,61,1963,3,Female,6134 Littlewood Lane,30.38,-89.06,19327,39409,52076,599,1,309232000,630544000,833216000,Normal,Fair
558,19,63,2000,5,Male,29894 Martin Luther King Lane,27.97,-82.76,16223,33080,55066,692,3,259568000,529280000,881056000,Hemat,Good
1482,54,64,1965,8,Male,52 Sixth Boulevard,34.06,-84.27,43725,89152,162012,675,1,699600000,1426432000,2592192000,Boros,Good
1295,70,70,1950,2,Female,888 Lincoln Street,46.78,-92.11,17474,27772,14408,788,4,279584000,444352000,230528000,Hemat,Very Good
1468,66,65,1954,1,Male,5238 Plum Street,37.1,-121.6,26188,44137,22392,626,2,419008000,706192000,358272000,Normal,Fair
538,66,69,1954,2,Female,7888 Fourth Street,35.3,-77.15,14844,30265,36789,814,4,237504000,484240000,588624000,Hemat,Excellent
748,55,69,1965,1,Male,2100 Summit Street,29.76,-95.38,18412,37534,99840,706,3,294592000,600544000,1597440000,Normal,Good
1068,21,67,1998,11,Male,3900 Rose Street,35.1,-110.64,15864,32345,61066,730,3,253824000,517520000,977056000,Hemat,Good
41,38,70,1981,3,Male,2750 Rose Boulevard,43.08,-91.56,13332,27183,58323,637,1,213312000,434928000,933168000,Hemat,Fair
807,52,71,1967,8,Female,869 Little Creek Lane,42.77,-86.1,18877,38487,49725,691,3,302032000,615792000,795600000,Normal,Good
1430,69,69,1950,4,Female,131 Tenth Avenue,41.63,-93.74,26764,33642,20874,593,5,428224000,538272000,333984000,Hemat,Fair
1873,51,67,1968,12,Female,3722 Valley Boulevard,31.84,-106.43,16823,34302,84935,651,3,269168000,548832000,1358960000,Hemat,Fair
204,31,67,1988,9,Female,775 Lexington Boulevard,30.64,-97.68,20968,42754,60172,656,1,335488000,684064000,962752000,Normal,Fair
424,24,69,1995,4,Female,4020 Littlewood Street,40.29,-79.99,25037,51045,127864,772,2,400592000,816720000,2045824000,Boros,Very Good
980,84,69,1935,8,Male,463 12th Street,39.32,-76.72,20641,24055,0,733,7,330256000,384880000,0,Hemat,Good
1415,28,68,1991,12,Male,243 Wessex Avenue,33.15,-117.17,22081,45021,77559,689,1,353296000,720336000,1240944000,Normal,Good
600,18,55,2001,5,Male,2819 Littlewood Lane,39.96,-76.73,22991,46878,60121,578,1,367856000,750048000,961936000,Normal,Poor
652,82,66,1937,9,Female,9952 South Lane,41.76,-72.61,20065,22726,1692,784,6,321040000,363616000,27072000,Hemat,Very Good
1129,49,65,1970,4,Male,2379 Forest Lane,33.18,-117.29,16894,34449,36540,686,3,270304000,551184000,584640000,Hemat,Good
885,36,66,1983,12,Male,7121 Fourth Avenue,36.67,-93.86,13895,28334,0,700,3,222320000,453344000,0,Hemat,Good
1899,31,67,1988,8,Female,761 Main Avenue,47.94,-122.0,28037,57166,111755,737,2,448592000,914656000,1788080000,Boros,Good
1369,59,67,1961,1,Female,535 Grant Boulevard,39.35,-85.96,17585,35854,49101,850,2,281360000,573664000,785616000,Normal,Excellent
1057,39,71,1980,7,Female,135 Littlewood Avenue,33.2,-117.29,22050,44958,91549,787,1,352800000,719328000,1464784000,Normal,Very Good
1302,62,72,1958,2,Female,8323 Catherine Boulevard,36.42,-81.46,14218,28988,13351,694,4,227488000,463808000,213616000,Hemat,Good
415,53,65,1966,5,Male,7571 George Street,39.53,-83.43,16544,33729,0,763,4,264704000,539664000,0,Hemat,Very Good
83,31,69,1988,5,Male,766 Catherine Boulevard,38.29,-77.48,29157,59455,96224,557,1,466512000,951280000,1539584000,Boros,Poor
1093,18,70,2002,2,Male,76 Grant Lane,40.64,-73.94,23316,47543,124177,667,1,373056000,760688000,1986832000,Normal,Fair
28,39,65,1980,4,Female,871 12th Lane,38.63,-77.26,26618,54273,110237,789,4,425888000,868368000,1763792000,Boros,Very Good
33,77,71,1942,6,Female,6335 Rose Lane,39.21,-119.71,18239,38692,8902,596,5,291824000,619072000,142432000,Normal,Fair
1646,54,69,1965,11,Male,0 Ocean Boulevard,40.33,-79.83,14663,29898,19719,714,5,234608000,478368000,315504000,Hemat,Good
1847,22,60,1998,1,Female,566 Hillside Street,28.18,-82.74,15418,31443,52826,676,1,246688000,503088000,845216000,Hemat,Good
1152,43,65,1977,2,Male,8061 Spruce Drive,37.94,-91.76,17428,35538,71591,747,1,278848000,568608000,1145456000,Normal,Very Good
134,43,67,1976,12,Male,924 First Drive,31.84,-106.43,24608,50174,145300,643,4,393728000,802784000,2324800000,Boros,Fair
188,24,57,1995,6,Male,9226 Tenth Boulevard,38.85,-77.29,42884,87436,135294,845,2,686144000,1398976000,2164704000,Boros,Excellent
220,33,67,1986,11,Female,3550 Sixth Boulevard,38.1,-122.63,30335,61846,12525,722,4,485360000,989536000,200400000,Boros,Good
1343,22,62,1997,7,Female,777 Valley Stream Lane,41.83,-87.68,11951,24369,37437,575,4,191216000,389904000,598992000,Hemat,Poor
1930,26,68,1993,10,Male,55 Madison Drive,33.2,-97.75,21810,44470,66413,721,3,348960000,711520000,1062608000,Normal,Good
1260,28,65,1991,12,Male,1963 Summit Lane,26.14,-80.13,20995,42806,49194,712,3,335920000,684896000,787104000,Normal,Good
96,69,66,1950,12,Female,20 Oak Street,33.89,-117.78,38948,99825,4344,685,4,623168000,1597200000,69504000,Boros,Good
1166,44,66,1975,5,Female,8659 El Camino Street,39.39,-84.56,19569,39898,43630,682,3,313104000,638368000,698080000,Normal,Good
1533,39,70,1980,12,Female,470 11th Lane,39.77,-86.14,24233,49412,42378,830,3,387728000,790592000,678048000,Boros,Excellent
88,22,68,1997,8,Male,6614 Ninth Boulevard,35.46,-86.08,16349,33337,71679,712,1,261584000,533392000,1146864000,Hemat,Good
1451,58,57,1961,4,Female,9384 Lake Street,42.41,-70.99,20979,17078,25245,719,4,335664000,273248000,403920000,Hemat,Good
57,28,66,1992,2,Female,9706 Mountain View Street,32.33,-111.05,21494,43826,84935,823,1,343904000,701216000,1358960000,Normal,Excellent
1335,51,66,1968,10,Female,29693 Bayview Drive,33.56,-117.63,47991,97845,255288,836,4,767856000,1565520000,4084608000,Boros,Excellent
816,56,65,1964,2,Male,8943 11th Drive,36.56,-82.19,17795,36285,67244,759,5,284720000,580560000,1075904000,Normal,Very Good
1081,31,60,1988,9,Female,9633 Mill Lane,39.69,-104.81,24849,50666,102318,617,3,397584000,810656000,1637088000,Boros,Fair
1385,51,68,1968,7,Female,5537 Eighth Street,44.96,-93.26,40364,82298,182301,789,6,645824000,1316768000,2916816000,Boros,Very Good
1125,25,71,1994,8,Male,99791 12th Boulevard,30.51,-97.67,31839,64917,102747,689,4,509424000,1038672000,1643952000,Boros,Good
1952,26,54,1993,7,Female,541 Federal Avenue,27.75,-82.64,18100,36909,102869,821,1,289600000,590544000,1645904000,Normal,Excellent
1870,24,70,1995,6,Male,5458 Spruce Street,32.85,-117.2,34848,71054,106595,767,2,557568000,1136864000,1705520000,Boros,Very Good
1345,83,66,1936,9,Female,7978 Main Lane,30.21,-90.92,24703,16620,1140,804,8,395248000,265920000,18240000,Hemat,Excellent
1695,45,66,1974,12,Female,238 Ocean View Lane,33.94,-117.99,27973,57027,21798,709,4,447568000,912432000,348768000,Boros,Good
1906,18,71,2001,10,Male,3699 Lafayette Avenue,41.26,-96.01,14199,28950,61297,609,1,227184000,463200000,980752000,Hemat,Fair
1985,50,69,1969,3,Female,9061 Grant Avenue,34.06,-84.27,0,1426,3154,680,3,0,22816000,50464000,Hemat,Good
1604,55,72,1964,11,Male,7680 Fourth Street,34.31,-89.93,15354,31308,59817,742,7,245664000,500928000,957072000,Hemat,Very Good
1933,26,64,1993,5,Male,345 Elm Avenue,29.57,-81.21,14546,29658,45750,589,2,232736000,474528000,732000000,Hemat,Fair
649,48,65,1971,9,Male,9 Fourth Drive,41.5,-74.02,22762,46408,0,847,7,364192000,742528000,0,Normal,Excellent
1486,39,63,1980,4,Female,396 Park Street,36.48,-81.05,11431,23307,31064,789,1,182896000,372912000,497024000,Hemat,Very Good
1744,31,69,1988,3,Female,4238 Birch Lane,35.78,-88.36,14435,29433,61260,693,3,230960000,470928000,980160000,Hemat,Good
1272,27,69,1992,6,Male,581 Seventh Drive,36.0,-115.04,30025,61222,142541,779,1,480400000,979552000,2280656000,Boros,Very Good
400,46,68,1973,5,Female,539 Pine Boulevard,30.17,-85.67,19508,39770,72827,711,4,312128000,636320000,1165232000,Normal,Good
1994,48,66,1971,9,Female,9716 Third Lane,39.38,-119.87,38345,78180,102759,740,3,613520000,1250880000,1644144000,Boros,Very Good
572,29,67,1991,1,Male,202 Washington Drive,29.95,-91.2,23208,47317,42433,680,2,371328000,757072000,678928000,Normal,Good
1442,41,58,1979,1,Male,1036 Spruce Street,43.01,-114.7,14925,30432,101847,624,1,238800000,486912000,1629552000,Hemat,Fair
1853,39,70,1980,5,Male,546 First Avenue,40.34,-94.87,18226,37165,0,771,3,291616000,594640000,0,Normal,Very Good
556,46,66,1973,12,Male,5659 Park Avenue,41.01,-81.6,17856,36405,31815,715,2,285696000,582480000,509040000,Normal,Good
1960,30,61,1989,12,Male,334 Rose Boulevard,38.96,-76.85,23500,47916,69567,612,1,376000000,766656000,1113072000,Normal,Fair
321,52,67,1967,5,Male,262 First Lane,45.18,-89.7,19705,40177,47012,698,4,315280000,642832000,752192000,Normal,Good
483,49,68,1971,2,Female,253 West Drive,48.53,-122.31,19604,39969,68456,713,3,313664000,639504000,1095296000,Normal,Good
404,44,61,1975,9,Male,33 Seventh Boulevard,29.77,-82.48,21979,44816,63043,625,1,351664000,717056000,1008688000,Normal,Fair
1510,32,59,1988,1,Male,835 Main Avenue,33.9,-118.0,24845,50658,72806,764,2,397520000,810528000,1164896000,Boros,Very Good
916,21,68,1998,8,Male,125 First Avenue,36.04,-86.64,20236,41260,80574,682,2,323776000,660160000,1289184000,Normal,Good
1635,54,58,1965,3,Male,90 Sussex Drive,40.68,-73.78,20760,42332,75213,616,6,332160000,677312000,1203408000,Normal,Fair
1384,74,67,1946,1,Female,528 Lake Drive,38.53,-90.0,22545,23011,30510,721,3,360720000,368176000,488160000,Hemat,Good
943,64,61,1955,4,Male,66 Grant Lane,40.2,-74.78,39495,87317,41998,773,1,631920000,1397072000,671968000,Boros,Very Good
1236,72,65,1947,9,Female,521 Main Lane,38.86,-104.76,14645,25243,18006,730,6,234320000,403888000,288096000,Hemat,Good
969,24,70,1996,2,Female,18360 Valley Avenue,33.81,-117.79,28884,58893,113715,666,3,462144000,942288000,1819440000,Boros,Fair
508,24,69,1995,7,Male,3221 Tenth Lane,39.75,-75.09,31547,64319,0,757,3,504752000,1029104000,0,Boros,Very Good
496,47,63,1972,8,Male,16893 Fifth Avenue,32.76,-96.59,17810,36319,44737,730,4,284960000,581104000,715792000,Normal,Good
450,39,66,1980,9,Male,253 Lexington Avenue,37.07,-76.51,21186,43192,33517,739,3,338976000,691072000,536272000,Normal,Good
1753,46,58,1974,2,Male,95612 South Street,32.28,-90.0,22304,45476,67636,506,1,356864000,727616000,1082176000,Normal,Poor
304,31,68,1988,8,Male,6606 Sixth Drive,41.14,-104.79,20255,41297,34703,685,2,324080000,660752000,555248000,Normal,Good
839,45,63,1975,1,Female,96493 Valley Stream Avenue,41.63,-73.21,26674,54384,69717,622,3,426784000,870144000,1115472000,Boros,Fair
138,43,68,1977,2,Female,754 South Avenue,40.77,-79.04,16071,32770,103262,641,4,257136000,524320000,1652192000,Hemat,Fair
43,26,66,1993,8,Female,5594 12th Drive,33.99,-118.39,29972,61104,79486,721,4,479552000,977664000,1271776000,Boros,Good
1187,55,67,1964,9,Male,203 Valley Lane,44.78,-89.68,23216,47334,87775,701,3,371456000,757344000,1404400000,Normal,Good
849,67,69,1952,7,Female,5456 Ninth Avenue,39.95,-75.16,21497,43828,60231,711,3,343952000,701248000,963696000,Normal,Good
654,47,69,1972,7,Female,646 South Lane,39.14,-81.78,16618,33883,50616,524,1,265888000,542128000,809856000,Hemat,Poor
1898,44,72,1975,9,Male,5521 Spruce Avenue,32.35,-86.28,25009,50993,75783,675,5,400144000,815888000,1212528000,Boros,Good
1971,48,66,1971,9,Male,829 Grant Boulevard,43.45,-76.5,20447,41690,69869,763,2,327152000,667040000,1117904000,Normal,Very Good
1020,29,66,1991,1,Female,331 Essex Drive,42.03,-88.08,26545,54122,166903,796,4,424720000,865952000,2670448000,Boros,Very Good
22,56,66,1963,3,Male,5651 North Boulevard,38.99,-76.88,26467,53966,135478,747,1,423472000,863456000,2167648000,Boros,Very Good
436,20,65,2000,1,Female,599 Hillside Drive,40.32,-75.32,26273,53569,79540,623,1,420368000,857104000,1272640000,Boros,Fair
1823,67,70,1952,5,Male,172 Third Lane,33.27,-111.94,32056,65362,27745,743,6,512896000,1045792000,443920000,Boros,Very Good
589,58,72,1961,11,Male,250 Hillside Drive,40.55,-81.91,13259,27035,58050,595,2,212144000,432560000,928800000,Hemat,Fair
49,38,74,1981,6,Male,190 Burns Avenue,40.81,-81.93,18962,38663,59053,686,3,303392000,618608000,944848000,Normal,Good
1350,22,65,1998,2,Female,637 Main Avenue,33.84,-118.07,21940,44740,103896,651,1,351040000,715840000,1662336000,Normal,Fair
1525,43,70,1976,9,Female,534 Sixth Boulevard,29.88,-90.06,19126,38994,0,728,4,306016000,623904000,0,Normal,Good
69,54,67,1965,10,Female,3067 First Street,40.52,-81.47,18794,38318,93284,748,6,300704000,613088000,1492544000,Normal,Very Good
234,42,73,1977,11,Female,8027 Main Drive,32.76,-96.59,18452,37623,923,726,6,295232000,601968000,14768000,Normal,Good
608,32,65,1987,10,Male,702 Grant Drive,37.78,-121.99,0,2365,0,769,3,0,37840000,0,Hemat,Very Good
1064,50,65,1969,12,Female,477 Madison Lane,37.68,-122.43,23752,48428,72566,654,1,380032000,774848000,1161056000,Boros,Fair
374,58,66,1961,11,Male,50 Spruce Street,38.47,-121.44,15290,31177,18859,689,5,244640000,498832000,301744000,Hemat,Good
286,38,69,1981,10,Male,4232 Grant Drive,31.15,-88.55,18746,38223,30756,725,4,299936000,611568000,492096000,Normal,Good
1419,53,64,1966,9,Female,634 Grant Boulevard,33.74,-84.37,30157,61490,116180,647,1,482512000,983840000,1858880000,Boros,Fair
1435,41,78,1978,10,Female,9872 Lexington Street,34.06,-84.27,45132,92017,157723,703,3,722112000,1472272000,2523568000,Boros,Good
1683,43,69,1976,12,Male,85 East Drive,31.84,-106.43,12313,25109,92,850,3,197008000,401744000,1472000,Hemat,Excellent
727,44,68,1975,5,Male,310 Bayview Boulevard,38.63,-90.24,19874,40522,81572,801,5,317984000,648352000,1305152000,Normal,Excellent
1150,46,67,1973,4,Male,5692 Jefferson Boulevard,32.83,-97.17,30913,63030,93406,791,5,494608000,1008480000,1494496000,Boros,Very Good
332,61,65,1958,7,Male,8794 Catherine Lane,39.52,-85.77,18324,37362,21600,703,4,293184000,597792000,345600000,Normal,Good
487,52,68,1967,7,Male,9028 Valley Stream Avenue,42.66,-73.79,27005,55059,162462,735,3,432080000,880944000,2599392000,Boros,Good
735,49,67,1970,12,Female,676 Bayview Street,47.79,-122.2,33226,67743,67132,752,3,531616000,1083888000,1074112000,Boros,Very Good
137,33,65,1986,7,Female,3177 Oak Avenue,36.33,-82.36,20142,41069,64073,644,3,322272000,657104000,1025168000,Normal,Fair
570,34,65,1985,9,Male,6781 Ocean View Drive,34.29,-83.83,15814,32245,43097,625,1,253024000,515920000,689552000,Hemat,Fair
1121,44,68,1975,6,Female,8476 Lincoln Street,32.78,-79.99,41380,84365,113529,796,5,662080000,1349840000,1816464000,Boros,Very Good
860,55,65,1965,2,Male,7035 River Boulevard,39.01,-77.02,30794,62791,193215,692,4,492704000,1004656000,3091440000,Boros,Good
518,31,61,1988,4,Male,558 North Street,44.06,-70.39,22283,45433,91998,523,1,356528000,726928000,1471968000,Normal,Poor
1203,36,62,1984,2,Male,5867 East Street,43.42,-73.71,20371,41537,128044,582,1,325936000,664592000,2048704000,Normal,Fair
944,58,71,1961,10,Male,3817 Martin Luther King Avenue,33.77,-118.34,58517,119308,89328,789,6,936272000,1908928000,1429248000,Boros,Very Good
388,25,66,1994,10,Female,6444 Maple Lane,28.92,-81.92,8491,17310,21853,749,2,135856000,276960000,349648000,Hemat,Very Good
741,75,66,1944,9,Male,239 Third Drive,42.35,-71.06,21695,41316,22629,826,1,347120000,661056000,362064000,Normal,Excellent
1737,52,65,1967,3,Male,14813 El Camino Drive,42.46,-82.94,18487,37686,41173,739,4,295792000,602976000,658768000,Normal,Good
1709,62,69,1957,3,Female,628 Third Avenue,40.46,-96.37,17420,35519,111115,744,1,278720000,568304000,1777840000,Normal,Very Good
1018,90,71,1929,10,Female,350 Main Boulevard,29.57,-81.21,17142,31805,614,755,6,274272000,508880000,9824000,Hemat,Very Good
275,43,58,1977,2,Female,973 River Street,29.56,-95.02,37415,76288,120771,710,4,598640000,1220608000,1932336000,Boros,Good
1367,49,67,1970,6,Female,364 Plum Lane,44.52,-87.98,16801,34255,36094,708,4,268816000,548080000,577504000,Hemat,Good
1965,24,65,1996,1,Male,34 Oak Boulevard,43.9,-123.02,18364,37443,0,745,1,293824000,599088000,0,Normal,Very Good
284,51,65,1968,4,Male,822 Martin Luther King Drive,33.44,-111.76,25005,50980,0,754,4,400080000,815680000,0,Boros,Very Good
79,70,66,1949,10,Female,990 North Lane,30.36,-87.17,20045,29164,19851,625,4,320720000,466624000,317616000,Hemat,Fair
1515,77,67,1942,12,Female,7239 Hill Lane,40.34,-76.42,20983,30457,19314,520,5,335728000,487312000,309024000,Hemat,Poor
1934,47,67,1973,1,Female,820 Second Lane,34.0,-118.3,13614,27763,59691,691,1,217824000,444208000,955056000,Hemat,Good
9,29,60,1990,12,Male,22 Mill Drive,32.63,-117.05,20102,40988,89801,540,3,321632000,655808000,1436816000,Normal,Poor
1964,68,64,1951,12,Male,973 Federal Drive,35.64,-78.45,22644,38637,30595,643,4,362304000,618192000,489520000,Normal,Fair
982,46,67,1973,10,Male,9232 Mill Drive,40.49,-74.48,32610,66489,45974,729,4,521760000,1063824000,735584000,Boros,Good
1676,51,65,1968,12,Male,919 Martin Luther King Lane,38.81,-94.45,24981,50936,88447,681,3,399696000,814976000,1415152000,Boros,Good
1519,41,72,1978,3,Female,98086 Essex Drive,45.6,-108.68,19625,40012,59472,849,4,314000000,640192000,951552000,Normal,Excellent
1098,50,71,1969,3,Male,772 Fifth Boulevard,42.67,-95.3,16901,34456,54634,752,4,270416000,551296000,874144000,Hemat,Very Good
554,59,67,1960,8,Male,6310 Sixth Street,29.66,-95.04,26170,53357,114266,690,5,418720000,853712000,1828256000,Boros,Good
596,28,65,1991,11,Male,914 George Street,40.64,-73.94,16985,34629,34484,721,3,271760000,554064000,551744000,Hemat,Good
170,34,71,1985,9,Male,79948 Sixth Avenue,35.01,-97.37,18137,36983,58895,768,4,290192000,591728000,942320000,Normal,Very Good
794,49,67,1970,11,Female,803 Plum Avenue,33.94,-118.2,14528,29621,0,730,3,232448000,473936000,0,Hemat,Good
1697,64,67,1955,6,Male,317 Wessex Boulevard,42.06,-83.97,20108,41002,97188,685,6,321728000,656032000,1555008000,Normal,Good
573,52,69,1967,7,Male,7970 Little Creek Drive,33.79,-82.47,14717,30011,84166,589,1,235472000,480176000,1346656000,Hemat,Fair
1715,32,72,1987,3,Female,4460 11th Avenue,42.27,-89.06,24589,50137,90747,679,1,393424000,802192000,1451952000,Boros,Good
1607,21,66,1998,4,Male,724 Valley Stream Street,32.91,-96.62,27057,55166,70698,689,1,432912000,882656000,1131168000,Boros,Good
1026,84,70,1935,5,Male,2116 Second Drive,36.52,-119.39,13194,17016,691,714,4,211104000,272256000,11056000,Hemat,Good
1892,22,62,1997,7,Male,449 Washington Street,35.01,-97.33,15966,32557,60053,637,2,255456000,520912000,960848000,Hemat,Fair
402,47,72,1972,6,Male,77931 Lincoln Avenue,33.83,-83.89,21556,43954,60913,744,3,344896000,703264000,974608000,Normal,Very Good
1628,56,59,1964,2,Male,438 Seventh Avenue,39.77,-86.14,31114,63439,199706,786,2,497824000,1015024000,3195296000,Boros,Very Good
553,73,65,1947,1,Male,471 Ocean Boulevard,37.78,-90.42,17707,34067,17902,628,1,283312000,545072000,286432000,Hemat,Fair
1551,47,70,1972,12,Male,148 Hillside Boulevard,40.15,-89.36,17510,35699,63264,687,5,280160000,571184000,1012224000,Normal,Good
1672,28,70,1991,9,Male,919 Washington Drive,41.45,-81.92,36610,74644,204251,792,3,585760000,1194304000,3268016000,Boros,Very Good
426,26,65,1993,4,Female,8709 Fifth Street,42.9,-85.82,20773,42348,6204,754,4,332368000,677568000,99264000,Normal,Very Good
1135,89,69,1931,1,Female,796 West Lane,33.84,-118.35,31496,68010,0,704,7,503936000,1088160000,0,Boros,Good
1420,87,70,1932,8,Female,673 11th Drive,44.94,-93.1,38514,60652,0,688,4,616224000,970432000,0,Boros,Good
1589,39,70,1981,1,Female,6301 Hillside Avenue,34.02,-118.15,13485,27494,44258,702,3,215760000,439904000,708128000,Hemat,Good
1002,31,67,1988,4,Male,8446 Catherine Drive,35.43,-118.83,19023,38788,77448,716,1,304368000,620608000,1239168000,Normal,Good
1411,57,66,1962,6,Female,3196 Elm Boulevard,41.92,-88.3,33847,69007,52218,720,4,541552000,1104112000,835488000,Boros,Good
1654,43,66,1976,4,Male,385 Pine Drive,41.47,-71.3,24194,49328,6197,693,5,387104000,789248000,99152000,Boros,Good
1330,65,61,1954,12,Female,35187 West Lane,34.4,-119.72,33097,35404,30887,575,3,529552000,566464000,494192000,Normal,Poor
790,34,65,1985,3,Female,480 Ocean View Boulevard,32.9,-116.89,22740,46361,69620,743,2,363840000,741776000,1113920000,Normal,Very Good
552,54,66,1965,4,Male,1416 Bayview Avenue,29.67,-82.33,25767,52538,132409,602,1,412272000,840608000,2118544000,Boros,Fair
139,73,65,1947,1,Female,835 Main Street,40.64,-73.94,19652,31317,4591,687,4,314432000,501072000,73456000,Hemat,Good
1280,28,66,1991,10,Male,7933 Plum Lane,34.06,-117.79,16025,32676,88515,641,1,256400000,522816000,1416240000,Hemat,Fair
883,33,60,1987,2,Male,6174 East Street,45.53,-122.6,26647,54333,103224,584,1,426352000,869328000,1651584000,Boros,Fair
359,66,61,1953,7,Male,338 Littlewood Street,33.94,-83.99,24252,57383,20725,799,4,388032000,918128000,331600000,Boros,Very Good
1921,44,65,1975,3,Male,704 Third Avenue,34.12,-83.22,15726,32064,9833,709,3,251616000,513024000,157328000,Hemat,Good
651,53,66,1966,5,Female,810 Summit Lane,38.56,-76.07,16852,34361,41375,643,1,269632000,549776000,662000000,Hemat,Fair
557,59,54,1960,9,Male,350 Jefferson Boulevard,33.97,-118.35,18476,28245,13411,669,1,295616000,451920000,214576000,Hemat,Fair
1071,26,69,1993,3,Male,4693 Essex Street,44.07,-103.23,18816,38363,63974,838,3,301056000,613808000,1023584000,Normal,Excellent
1175,93,69,1926,9,Male,748 Martin Luther King Street,40.84,-73.87,12475,10782,346,770,7,199600000,172512000,5536000,Hemat,Very Good
1936,86,68,1933,7,Female,406 El Camino Boulevard,44.4,-73.0,26951,35685,1135,714,5,431216000,570960000,18160000,Normal,Good
182,49,70,1971,2,Female,916 Birch Drive,26.14,-81.79,25006,50984,65126,616,2,400096000,815744000,1042016000,Boros,Fair
468,48,65,1971,9,Female,76 Lexington Boulevard,41.65,-91.53,23238,47374,35312,714,2,371808000,757984000,564992000,Normal,Good
1651,33,66,1986,3,Male,632 Pine Drive,35.15,-89.75,27474,56018,100163,739,2,439584000,896288000,1602608000,Boros,Good
1714,23,65,1996,6,Female,427 Martin Luther King Street,30.06,-95.38,35807,73011,240352,794,2,572912000,1168176000,3845632000,Boros,Very Good
1839,59,60,1960,6,Female,1892 Catherine Street,37.13,-85.96,13456,27439,84665,631,1,215296000,439024000,1354640000,Hemat,Fair
1585,35,69,1984,11,Female,4346 El Camino Boulevard,30.33,-81.65,20710,42229,0,688,3,331360000,675664000,0,Normal,Good
1245,54,58,1965,9,Female,780 Ocean Avenue,37.43,-76.54,21040,42900,111007,802,6,336640000,686400000,1776112000,Normal,Excellent
732,60,68,1959,8,Male,513 Tenth Avenue,37.68,-97.34,19224,39191,43396,756,6,307584000,627056000,694336000,Normal,Very Good
342,18,68,2001,6,Male,3033 Maple Lane,38.94,-77.19,62840,128123,135808,699,1,1005440000,2049968000,2172928000,Boros,Good
476,68,71,1951,9,Male,26 El Camino Street,40.93,-76.25,20340,41473,98151,724,3,325440000,663568000,1570416000,Normal,Good
164,76,67,1943,8,Male,772 Lexington Street,40.84,-84.33,18287,37829,20185,658,4,292592000,605264000,322960000,Normal,Fair
539,21,68,1998,8,Female,3701 Birch Street,42.7,-84.55,16954,34568,81953,765,1,271264000,553088000,1311248000,Hemat,Very Good
40,71,74,1948,6,Male,2786 Forest Lane,39.92,-83.79,14342,29243,30686,726,4,229472000,467888000,490976000,Hemat,Good
1,43,74,1976,4,Female,113 Burns Lane,30.44,-87.18,22247,45360,14587,704,3,355952000,725760000,233392000,Normal,Good
272,30,67,1989,8,Female,387 Plum Avenue,39.79,-75.14,26193,53407,125586,767,3,419088000,854512000,2009376000,Boros,Very Good
521,21,70,1998,9,Female,1241 11th Boulevard,34.06,-118.08,16101,32829,44141,652,1,257616000,525264000,706256000,Hemat,Fair
988,68,68,1951,4,Male,344 Washington Drive,29.91,-90.05,20042,39832,5377,785,4,320672000,637312000,86032000,Normal,Very Good
660,31,68,1988,9,Female,256 Jefferson Street,37.55,-77.46,21602,44041,109159,680,2,345632000,704656000,1746544000,Normal,Good
1381,79,68,1940,10,Male,1699 West Lane,41.69,-81.33,24878,29517,2470,690,4,398048000,472272000,39520000,Hemat,Good
184,50,69,1969,4,Female,8886 Little Creek Street,42.83,-89.07,21348,43529,126175,797,6,341568000,696464000,2018800000,Normal,Very Good
1183,53,66,1966,5,Male,852 Tenth Boulevard,38.31,-85.76,16097,32820,23004,740,4,257552000,525120000,368064000,Hemat,Very Good
905,69,73,1950,11,Male,385 Maple Street,37.55,-122.26,47524,96901,182809,701,5,760384000,1550416000,2924944000,Boros,Good
419,60,66,1959,11,Male,933 Valley Lane,38.14,-120.45,16448,33540,74530,734,5,263168000,536640000,1192480000,Hemat,Good
239,26,68,1993,3,Male,2519 Park Boulevard,44.88,-94.37,20699,42201,138469,682,5,331184000,675216000,2215504000,Normal,Good
1241,40,69,1979,3,Female,159 Plum Avenue,40.43,-84.38,24227,49396,39549,814,3,387632000,790336000,632784000,Boros,Excellent
383,48,66,1971,9,Male,6606 Oak Drive,30.81,-92.65,16816,34287,77180,760,3,269056000,548592000,1234880000,Hemat,Very Good
1816,39,69,1980,4,Female,251 Main Lane,40.47,-86.13,16794,34241,79551,784,2,268704000,547856000,1272816000,Hemat,Very Good
1501,40,67,1980,2,Male,8475 Essex Lane,39.98,-82.98,17778,36247,34079,712,3,284448000,579952000,545264000,Normal,Good
497,63,65,1956,11,Male,8414 Tenth Drive,43.54,-96.73,25692,52380,8764,850,6,411072000,838080000,140224000,Boros,Excellent
893,18,68,2002,2,Male,4485 Plum Lane,43.05,-74.34,17027,34716,18962,850,3,272432000,555456000,303392000,Hemat,Excellent
44,85,67,1934,12,Male,8651 Seventh Street,43.48,-124.16,16738,38194,1674,680,3,267808000,611104000,26784000,Normal,Good
661,64,67,1956,1,Male,894 Ocean Avenue,40.68,-75.22,21005,42831,59948,566,3,336080000,685296000,959168000,Normal,Poor
939,80,59,1939,10,Female,4259 East Lane,40.04,-76.3,19945,34819,2971,696,2,319120000,557104000,47536000,Hemat,Good
947,63,71,1956,9,Male,4117 Fifth Avenue,40.64,-73.94,16985,34637,12623,710,4,271760000,554192000,201968000,Hemat,Good
1749,50,61,1969,7,Female,415 Elm Street,42.39,-83.05,8658,17657,21899,614,2,138528000,282512000,350384000,Hemat,Fair
385,79,65,1941,2,Male,9983 Park Drive,32.23,-80.86,21679,30434,23883,740,7,346864000,486944000,382128000,Hemat,Very Good
67,23,65,1996,4,Female,1 Sixth Boulevard,47.22,-122.54,23366,47639,0,732,2,373856000,762224000,0,Normal,Good
1298,32,70,1987,12,Female,3535 West Drive,34.01,-118.2,12557,25603,26348,729,2,200912000,409648000,421568000,Hemat,Good
913,56,70,1963,5,Male,4943 Martin Luther King Lane,28.3,-81.41,13964,28476,0,693,3,223424000,455616000,0,Hemat,Good
1634,66,68,1953,3,Male,703 West Drive,26.18,-98.11,10091,20577,60152,825,4,161456000,329232000,962432000,Hemat,Excellent
804,64,67,1955,7,Male,37 River Boulevard,36.97,-86.44,14839,30252,24172,812,5,237424000,484032000,386752000,Hemat,Excellent
1703,47,65,1972,8,Female,1532 Birch Drive,39.08,-108.55,24115,49169,65994,747,2,385840000,786704000,1055904000,Boros,Very Good
1741,92,67,1927,10,Male,31 Hillside Lane,32.21,-110.88,17460,24960,889,707,9,279360000,399360000,14224000,Hemat,Good
766,44,63,1975,8,Female,66 Plum Avenue,28.23,-82.17,15187,30967,61201,685,3,242992000,495472000,979216000,Hemat,Good
472,50,64,1969,4,Male,4480 Hillside Avenue,42.34,-88.11,22578,46039,79738,672,4,361248000,736624000,1275808000,Normal,Good
366,50,68,1969,12,Female,773 12th Street,44.01,-88.55,19573,39911,93823,625,7,313168000,638576000,1501168000,Normal,Fair
1205,22,69,1997,8,Male,152 Sixth Avenue,32.32,-95.3,27948,56984,128684,680,5,447168000,911744000,2058944000,Boros,Good
1705,50,68,1970,2,Male,952 Valley Avenue,35.95,-85.03,13708,27952,2070,850,3,219328000,447232000,33120000,Hemat,Excellent
626,22,65,1997,6,Female,394 Essex Boulevard,26.11,-80.39,42160,85954,108684,746,2,674560000,1375264000,1738944000,Boros,Very Good
1638,79,64,1940,8,Female,6337 Spruce Street,44.67,-93.24,34186,57824,31354,668,5,546976000,925184000,501664000,Boros,Fair
1953,29,68,1991,1,Female,21 Lafayette Drive,43.59,-88.28,21579,43996,16260,842,3,345264000,703936000,260160000,Normal,Excellent
1771,41,66,1978,12,Male,7662 Mountain View Boulevard,38.76,-121.28,25476,51943,61722,794,3,407616000,831088000,987552000,Boros,Very Good
931,34,73,1985,12,Male,2707 Main Boulevard,35.1,-90.0,33974,69270,97114,540,1,543584000,1108320000,1553824000,Boros,Poor
1190,49,65,1970,8,Female,4480 Essex Drive,33.0,-80.17,21769,44383,42369,707,7,348304000,710128000,677904000,Normal,Good
371,82,63,1937,3,Male,19176 Grant Drive,37.55,-77.46,43827,92368,2689,719,4,701232000,1477888000,43024000,Boros,Good
1404,52,71,1967,11,Female,68 Sixth Avenue,32.3,-95.47,17886,36472,80469,526,2,286176000,583552000,1287504000,Normal,Poor
1970,18,66,2001,6,Male,876 Main Avenue,42.32,-72.67,25442,51873,70144,731,2,407072000,829968000,1122304000,Boros,Good
1364,47,72,1972,11,Male,37845 Main Street,32.93,-97.22,0,3,5,750,2,0,48000,80000,Hemat,Very Good
327,44,67,1975,7,Male,7485 Seventh Street,44.41,-71.97,18069,36843,52248,772,5,289104000,589488000,835968000,Normal,Very Good
1337,26,66,1993,9,Male,9249 Third Lane,27.27,-80.35,18946,38634,42099,800,2,303136000,618144000,673584000,Normal,Excellent
594,29,70,1990,12,Male,7109 Rose Street,35.88,-80.07,16642,33933,5329,698,6,266272000,542928000,85264000,Hemat,Good
1704,27,62,1992,7,Male,288 North Lane,39.95,-86.02,31270,63760,151177,716,1,500320000,1020160000,2418832000,Boros,Good
1500,53,66,1967,1,Male,270 Plum Street,38.44,-121.3,25949,52904,144534,680,4,415184000,846464000,2312544000,Boros,Good
923,18,70,2002,1,Female,38 Fifth Street,42.68,-82.73,23297,47501,81625,735,2,372752000,760016000,1306000000,Normal,Good
1788,59,66,1960,9,Female,420 Littlewood Drive,29.71,-90.59,20521,41845,90940,673,4,328336000,669520000,1455040000,Normal,Good
129,56,63,1963,6,Female,6295 Summit Drive,34.1,-118.05,22008,44875,125909,510,1,352128000,718000000,2014544000,Normal,Poor
1756,30,66,1989,10,Male,32 Fourth Drive,35.98,-78.91,28430,57969,92382,691,2,454880000,927504000,1478112000,Boros,Good
197,32,60,1987,5,Male,1867 Bayview Street,37.86,-84.65,15757,32128,58373,724,5,252112000,514048000,933968000,Hemat,Good
219,47,66,1973,2,Male,4541 Hill Boulevard,44.01,-84.8,11036,22505,27928,798,3,176576000,360080000,446848000,Hemat,Very Good
1820,60,65,1959,7,Female,822 Lake Drive,25.77,-80.2,18828,38394,69393,693,5,301248000,614304000,1110288000,Normal,Good
405,30,67,1989,3,Male,640 Spruce Boulevard,33.42,-112.2,17165,34998,60749,627,1,274640000,559968000,971984000,Hemat,Fair
726,58,67,1961,8,Male,845 Littlewood Boulevard,33.79,-118.29,22032,44924,27297,717,3,352512000,718784000,436752000,Normal,Good
20,86,67,1933,12,Female,3631 Plum Boulevard,32.42,-97.1,19477,23371,0,757,8,311632000,373936000,0,Hemat,Very Good
216,60,66,1959,5,Female,378 Fourth Boulevard,39.92,-85.36,16273,33178,85620,687,3,260368000,530848000,1369920000,Hemat,Good
293,32,63,1987,8,Female,58221 Main Drive,35.22,-97.34,20640,42084,57760,661,5,330240000,673344000,924160000,Normal,Fair
1868,24,69,1995,8,Male,39289 Essex Street,33.9,-117.61,28049,57187,9756,714,2,448784000,914992000,156096000,Boros,Good
1996,46,66,1973,6,Female,7853 Grant Street,29.43,-95.24,21956,44768,59862,728,3,351296000,716288000,957792000,Normal,Good
1171,90,67,1929,12,Male,73 Summit Street,21.4,-157.73,26370,39214,0,781,5,421920000,627424000,0,Normal,Very Good
1154,73,71,1947,1,Male,80773 Essex Avenue,43.01,-88.23,27546,38809,19912,788,4,440736000,620944000,318592000,Normal,Very Good
819,55,77,1964,10,Female,4909 Maple Avenue,40.43,-79.97,18392,37495,28449,687,3,294272000,599920000,455184000,Normal,Good
1554,49,63,1970,4,Male,227 Little Creek Street,41.68,-72.94,25405,51802,91118,696,1,406480000,828832000,1457888000,Boros,Good
1079,65,60,1954,11,Female,422 Madison Lane,40.66,-73.63,48994,103294,39076,831,3,783904000,1652704000,625216000,Boros,Excellent
681,19,60,2001,1,Female,95 Main Avenue,40.0,-76.84,21400,43634,52593,654,1,342400000,698144000,841488000,Normal,Fair
240,50,68,1970,2,Male,280 Lake Avenue,36.21,-83.29,17104,34868,51984,745,3,273664000,557888000,831744000,Hemat,Very Good
751,61,64,1958,8,Female,860 Martin Luther King Boulevard,33.45,-96.74,24364,49677,108399,593,4,389824000,794832000,1734384000,Boros,Fair
773,67,65,1952,9,Male,486 West Boulevard,34.49,-85.84,15562,11029,3225,786,3,248992000,176464000,51600000,Hemat,Very Good
1294,39,63,1980,7,Female,2244 Mill Boulevard,40.69,-74.26,28993,59114,132715,730,2,463888000,945824000,2123440000,Boros,Good
1567,43,68,1976,8,Female,7874 Wessex Street,42.1,-76.26,19901,40576,54011,747,2,318416000,649216000,864176000,Normal,Very Good
132,77,72,1942,5,Female,8407 Littlewood Street,27.48,-82.57,13972,31555,12777,696,4,223552000,504880000,204432000,Hemat,Good
512,48,62,1971,8,Male,3248 Summit Lane,33.73,-112.14,35727,72844,207423,718,1,571632000,1165504000,3318768000,Boros,Good
501,24,65,1995,8,Male,952 Plum Avenue,30.68,-88.04,17267,35212,56286,765,2,276272000,563392000,900576000,Hemat,Very Good
178,47,66,1972,7,Female,27 Third Avenue,39.01,-94.28,24057,49045,0,727,3,384912000,784720000,0,Boros,Good
1077,57,54,1962,12,Female,886 Plum Boulevard,39.12,-123.28,17899,12044,10323,576,3,286384000,192704000,165168000,Hemat,Poor
914,38,71,1982,1,Male,10 Norfolk Boulevard,37.68,-97.34,22638,46160,87459,763,4,362208000,738560000,1399344000,Normal,Very Good
1840,46,71,1974,2,Female,576 Martin Luther King Street,45.49,-122.8,21702,44249,103229,706,5,347232000,707984000,1651664000,Normal,Good
550,76,70,1944,2,Male,4937 Maple Lane,47.54,-122.58,21219,30248,35766,763,4,339504000,483968000,572256000,Hemat,Very Good
1869,28,71,1991,9,Male,96707 East Boulevard,34.78,-86.95,16912,34487,52077,702,1,270592000,551792000,833232000,Hemat,Good
977,83,67,1936,12,Female,237 Hill Boulevard,32.59,-96.68,13917,22873,0,710,5,222672000,365968000,0,Hemat,Good
933,50,69,1969,5,Male,7037 Wessex Avenue,36.36,-96.03,21234,43290,90238,690,4,339744000,692640000,1443808000,Normal,Good
938,28,73,1991,7,Female,875 Plum Street,38.97,-94.95,24982,50934,54406,720,3,399712000,814944000,870496000,Boros,Good
622,23,65,1996,12,Male,986 East Avenue,38.85,-77.29,42884,87437,0,738,2,686144000,1398992000,0,Boros,Good
796,25,70,1994,5,Female,8199 Norfolk Avenue,39.42,-76.29,21177,43178,74257,746,3,338832000,690848000,1188112000,Normal,Very Good
621,51,63,1968,3,Male,2227 Federal Lane,29.19,-81.05,13425,27372,54474,612,1,214800000,437952000,871584000,Hemat,Fair
1038,33,65,1986,8,Female,19 Valley Stream Drive,39.6,-82.93,18025,36755,96292,810,2,288400000,588080000,1540672000,Normal,Excellent
1687,70,64,1949,12,Female,469 Grant Lane,35.11,-106.62,24485,40189,24169,621,1,391760000,643024000,386704000,Normal,Fair
1890,29,65,1991,1,Male,338 Spruce Lane,41.18,-77.31,15708,32024,69171,754,1,251328000,512384000,1106736000,Hemat,Very Good
544,34,65,1985,5,Female,100 Rose Lane,40.86,-73.63,29426,59999,128311,676,1,470816000,959984000,2052976000,Boros,Good
810,77,65,1942,5,Female,239 West Drive,37.68,-85.22,16521,22540,16946,705,6,264336000,360640000,271136000,Hemat,Good
58,38,66,1981,4,Female,6561 George Avenue,38.81,-90.96,25756,52512,95640,706,2,412096000,840192000,1530240000,Boros,Good
1986,44,69,1975,12,Female,5887 Seventh Lane,37.68,-122.43,23752,48430,62384,716,2,380032000,774880000,998144000,Boros,Good
1084,36,66,1984,1,Male,152 West Drive,47.26,-122.45,31518,64262,75415,775,4,504288000,1028192000,1206640000,Boros,Very Good
1349,48,64,1971,8,Female,716 Lake Avenue,29.76,-95.38,13862,28267,35727,799,3,221792000,452272000,571632000,Hemat,Very Good
1825,70,65,1949,9,Female,817 Ocean Avenue,39.69,-104.81,24849,45754,9066,718,4,397584000,732064000,145056000,Normal,Good
98,80,67,1939,4,Female,7872 Oak Drive,40.14,-87.61,15755,16646,1639,590,2,252080000,266336000,26224000,Hemat,Fair
615,35,65,1984,3,Female,3963 Essex Drive,29.43,-95.24,21956,44766,68989,713,2,351296000,716256000,1103824000,Normal,Good
1488,34,66,1985,11,Female,6427 12th Boulevard,41.65,-81.43,20155,41091,86837,695,6,322480000,657456000,1389392000,Normal,Good
211,43,71,1976,5,Male,441 River Street,34.61,-114.3,14214,28983,36482,755,3,227424000,463728000,583712000,Hemat,Very Good
1443,47,69,1972,7,Male,318 Ninth Lane,21.44,-158.18,17175,35016,54455,732,3,274800000,560256000,871280000,Hemat,Good
801,82,69,1938,2,Female,2303 12th Lane,32.73,-101.95,14989,23175,1626,723,5,239824000,370800000,26016000,Hemat,Good
655,49,66,1970,3,Female,211 Lexington Drive,41.44,-82.18,14880,30340,64661,552,3,238080000,485440000,1034576000,Hemat,Poor
669,38,62,1981,9,Female,2182 Martin Luther King Street,44.69,-73.45,20177,41141,71060,683,2,322832000,658256000,1136960000,Normal,Good
1726,67,65,1952,10,Female,3667 Washington Avenue,27.75,-82.64,34974,23533,23132,687,1,559584000,376528000,370112000,Hemat,Good
444,24,68,1995,9,Female,549 Ocean Boulevard,40.84,-73.87,12939,26382,13161,748,2,207024000,422112000,210576000,Hemat,Very Good
418,29,66,1990,7,Male,7333 George Street,33.56,-112.57,25449,51891,83166,693,4,407184000,830256000,1330656000,Boros,Good
242,41,65,1978,6,Male,6389 El Camino Drive,42.19,-73.35,21365,43560,58544,850,5,341840000,696960000,936704000,Normal,Excellent
168,51,56,1968,7,Female,2920 11th Boulevard,30.27,-87.7,15553,31713,42895,646,1,248848000,507408000,686320000,Hemat,Fair
960,29,66,1990,8,Male,506 Washington Lane,33.83,-117.85,26180,53376,60953,750,3,418880000,854016000,975248000,Boros,Very Good
1911,58,75,1961,11,Female,3856 Valley Boulevard,37.08,-94.5,16574,33793,108196,768,4,265184000,540688000,1731136000,Hemat,Very Good
259,71,65,1948,5,Female,391 South Street,28.78,-81.27,22585,38009,20529,689,3,361360000,608144000,328464000,Normal,Good
300,40,64,1979,12,Male,69 Martin Luther King Street,41.36,-73.2,37131,75711,121251,750,1,594096000,1211376000,1940016000,Boros,Very Good
1967,55,74,1964,9,Male,3570 North Boulevard,33.64,-117.67,30307,61793,686,767,4,484912000,988688000,10976000,Boros,Very Good
434,31,74,1988,10,Female,7808 Lincoln Drive,42.02,-93.62,26190,53395,73370,785,3,419040000,854320000,1173920000,Boros,Very Good
1076,61,66,1958,8,Female,3987 11th Drive,35.05,-78.87,18316,37342,48611,779,5,293056000,597472000,777776000,Normal,Very Good
723,59,68,1960,5,Female,3179 Seventh Drive,29.76,-95.38,17359,35397,55112,828,5,277744000,566352000,881792000,Normal,Excellent
1398,52,66,1967,4,Male,304 Third Boulevard,40.85,-74.4,34756,70862,16595,745,5,556096000,1133792000,265520000,Boros,Very Good
1464,63,61,1957,1,Female,99 Valley Stream Street,42.8,-73.92,30839,49569,58019,682,2,493424000,793104000,928304000,Boros,Good
1505,29,69,1990,11,Male,556 Fourth Street,38.04,-97.34,18479,37677,66737,685,2,295664000,602832000,1067792000,Normal,Good
1130,50,65,1970,1,Female,801 Mountain View Street,47.3,-122.31,21756,44355,44779,680,3,348096000,709680000,716464000,Normal,Good
62,78,68,1941,11,Female,9911 Rose Street,41.13,-124.04,15296,22290,9235,716,6,244736000,356640000,147760000,Hemat,Good
1623,32,73,1987,4,Female,8121 North Boulevard,39.11,-84.46,17278,35227,25277,746,3,276448000,563632000,404432000,Hemat,Very Good
1416,73,65,1946,9,Female,8258 Jefferson Drive,43.03,-76.3,24172,48750,18724,709,8,386752000,780000000,299584000,Boros,Good
1998,65,67,1954,9,Male,10 Third Avenue,37.56,-122.37,0,645,790,688,3,0,10320000,12640000,Hemat,Good
1299,40,70,1979,11,Female,2578 Park Boulevard,39.29,-85.76,18295,37299,31923,723,2,292720000,596784000,510768000,Normal,Good
303,94,66,1926,1,Male,93 Lafayette Boulevard,40.48,-104.9,27185,60080,1807,690,6,434960000,961280000,28912000,Boros,Good
1138,51,64,1968,3,Female,5334 11th Avenue,33.68,-86.39,20542,41886,107734,768,3,328672000,670176000,1723744000,Normal,Very Good
1750,47,55,1973,2,Female,892 Elm Street,41.8,-87.87,34681,70711,100226,741,2,554896000,1131376000,1603616000,Boros,Very Good
1117,49,68,1970,4,Female,2350 Bayview Street,41.36,-97.97,13582,27691,24480,687,2,217312000,443056000,391680000,Hemat,Good
1322,35,62,1984,5,Female,775 Essex Lane,39.67,-75.75,22319,45508,93806,636,1,357104000,728128000,1500896000,Normal,Fair
878,45,65,1974,3,Male,13 Lake Drive,40.03,-76.49,19663,40093,81752,615,2,314608000,641488000,1308032000,Normal,Fair
609,59,62,1961,2,Male,795 Tenth Street,32.91,-96.62,18408,37536,63386,717,3,294528000,600576000,1014176000,Normal,Good
761,18,69,2001,3,Female,94 Lafayette Avenue,21.45,-158.01,27576,56222,63846,726,4,441216000,899552000,1021536000,Boros,Good
1313,35,67,1985,1,Male,9853 Sussex Street,40.61,-79.83,14798,30172,39959,653,2,236768000,482752000,639344000,Hemat,Fair
1558,47,65,1973,2,Female,675 Little Creek Drive,40.64,-73.94,25172,51330,106161,597,2,402752000,821280000,1698576000,Boros,Fair
399,37,68,1982,5,Female,365 Ocean Lane,42.35,-71.85,31514,64252,92973,802,2,504224000,1028032000,1487568000,Boros,Excellent
325,45,57,1974,11,Male,7044 Plum Street,35.22,-92.38,19589,39942,52441,709,4,313424000,639072000,839056000,Normal,Good
689,65,62,1954,3,Female,440 Maple Drive,40.76,-74.23,18012,39077,14019,709,1,288192000,625232000,224304000,Normal,Good
1763,49,66,1970,6,Male,6593 North Avenue,44.96,-93.26,18660,38039,27179,717,3,298560000,608624000,434864000,Normal,Good
717,23,65,1996,8,Female,361 Fourth Street,28.04,-81.96,26325,53675,82373,659,5,421200000,858800000,1317968000,Boros,Fair
884,75,64,1945,2,Male,3095 Eighth Drive,42.97,-85.77,21663,42812,22171,631,4,346608000,684992000,354736000,Normal,Fair
1701,56,67,1963,4,Male,942 Lincoln Lane,33.94,-118.24,11393,23231,48624,726,3,182288000,371696000,777984000,Hemat,Good
117,20,71,2000,1,Male,58 Bayview Street,36.24,-90.04,14824,30229,43239,595,3,237184000,483664000,691824000,Hemat,Fair
126,63,65,1956,10,Male,5159 Wessex Avenue,34.72,-92.35,13047,26600,0,799,4,208752000,425600000,0,Hemat,Very Good
1051,32,71,1987,11,Female,13 Norfolk Avenue,41.7,-71.42,24424,49800,137460,694,2,390784000,796800000,2199360000,Boros,Good
462,63,57,1956,9,Female,219 Ocean Avenue,40.62,-75.36,24571,50696,32793,767,5,393136000,811136000,524688000,Boros,Very Good
1454,30,64,1990,1,Male,7051 West Drive,33.79,-117.99,17564,35813,43474,748,2,281024000,573008000,695584000,Normal,Very Good
467,38,65,1981,9,Male,969 Lexington Lane,35.06,-85.25,21988,44831,20906,705,3,351808000,717296000,334496000,Normal,Good
1802,39,62,1980,11,Female,719 Third Lane,40.34,-74.44,29088,59313,102360,802,2,465408000,949008000,1637760000,Boros,Excellent
1563,49,67,1970,8,Female,924 Spruce Street,33.96,-118.27,11073,22583,62461,683,4,177168000,361328000,999376000,Hemat,Good
1235,18,65,2002,2,Male,283 Rose Lane,33.6,-117.66,30564,62316,146487,813,1,489024000,997056000,2343792000,Boros,Excellent
587,20,62,1999,8,Male,5310 Hillside Avenue,40.64,-73.94,12433,25350,70475,643,2,198928000,405600000,1127600000,Hemat,Fair
709,26,66,1993,9,Female,3114 East Street,42.92,-88.84,21057,42931,48783,742,3,336912000,686896000,780528000,Normal,Very Good
1036,19,68,2000,5,Male,5966 Hill Boulevard,40.1,-74.93,24817,50602,66762,722,2,397072000,809632000,1068192000,Boros,Good
372,32,71,1988,1,Male,4725 North Street,41.66,-83.58,12101,24668,22338,756,1,193616000,394688000,357408000,Hemat,Very Good
929,63,62,1956,4,Female,899 Grant Lane,40.15,-75.22,44106,56102,59198,850,1,705696000,897632000,947168000,Boros,Excellent
253,61,62,1959,1,Male,4110 Lafayette Boulevard,38.35,-81.63,21705,44257,110587,664,2,347280000,708112000,1769392000,Normal,Fair
1549,68,74,1952,1,Male,731 Martin Luther King Boulevard,29.76,-95.38,31072,63355,140526,747,5,497152000,1013680000,2248416000,Boros,Very Good
529,55,68,1964,8,Male,9604 West Boulevard,42.89,-70.87,22448,45767,41791,721,4,359168000,732272000,668656000,Normal,Good
1306,46,58,1973,5,Female,136 Tenth Boulevard,33.82,-117.91,16252,33137,40559,706,2,260032000,530192000,648944000,Hemat,Good
1798,79,65,1940,4,Male,760 Tenth Avenue,40.69,-89.43,24926,37898,32994,517,2,398816000,606368000,527904000,Normal,Poor
389,27,67,1992,7,Male,9517 Ninth Street,44.53,-73.15,26033,53082,106945,689,3,416528000,849312000,1711120000,Boros,Good
1829,25,68,1995,2,Male,4920 Valley Stream Drive,33.34,-84.1,21682,44204,59310,710,3,346912000,707264000,948960000,Normal,Good
1392,24,61,1995,5,Male,5653 North Drive,33.62,-112.05,26023,53061,84073,743,3,416368000,848976000,1345168000,Boros,Very Good
1949,28,67,1991,7,Female,993 Ninth Street,32.46,-86.44,21796,44444,130382,706,1,348736000,711104000,2086112000,Normal,Good
1881,67,67,1952,9,Male,159 Mill Street,42.05,-83.38,22321,56542,9097,733,6,357136000,904672000,145552000,Boros,Good
1706,24,67,1995,4,Female,165 Plum Avenue,34.83,-89.17,13161,26839,70077,805,2,210576000,429424000,1121232000,Hemat,Excellent
848,51,69,1968,5,Male,166 River Drive,38.86,-76.6,33529,68362,96182,711,2,536464000,1093792000,1538912000,Boros,Good
1044,30,60,1989,6,Male,978 Wessex Avenue,36.44,-82.34,22388,45649,150985,693,1,358208000,730384000,2415760000,Normal,Good
1112,34,66,1985,11,Female,5411 Madison Avenue,31.09,-97.71,14665,29897,27736,760,6,234640000,478352000,443776000,Hemat,Very Good
802,35,67,1984,3,Female,3369 Wessex Avenue,38.74,-121.25,29367,59872,95927,752,4,469872000,957952000,1534832000,Boros,Very Good
859,51,72,1968,4,Male,865 Wessex Lane,36.15,-85.5,15955,32531,78193,631,4,255280000,520496000,1251088000,Hemat,Fair
441,41,64,1978,6,Female,608 Washington Drive,33.65,-84.86,22613,46108,64994,635,1,361808000,737728000,1039904000,Normal,Fair
879,54,66,1966,2,Male,938 Forest Street,25.92,-97.48,11140,22714,27227,702,3,178240000,363424000,435632000,Hemat,Good
1437,77,65,1942,4,Female,456 Birch Lane,47.43,-122.92,19640,44807,13730,751,4,314240000,716912000,219680000,Normal,Very Good
1413,39,65,1980,5,Female,796 Sussex Avenue,39.03,-87.05,15285,31170,33165,685,5,244560000,498720000,530640000,Hemat,Good
1710,33,69,1986,10,Female,928 Bayview Street,43.54,-89.46,19635,40029,0,787,3,314160000,640464000,0,Normal,Very Good
1037,38,67,1981,9,Male,889 Forest Lane,29.67,-82.33,24992,50957,73187,653,2,399872000,815312000,1170992000,Boros,Fair
966,26,69,1993,4,Female,445 Fourth Lane,26.35,-98.11,11763,23987,39071,630,1,188208000,383792000,625136000,Hemat,Fair
107,50,70,1970,1,Male,1504 Lincoln Drive,34.29,-94.33,13123,26758,41064,734,5,209968000,428128000,657024000,Hemat,Good
1247,69,71,1950,9,Female,6466 Ninth Drive,35.54,-118.91,21654,44152,90526,700,5,346464000,706432000,1448416000,Normal,Good
700,21,68,1998,12,Female,649 Second Avenue,40.71,-73.99,91487,186534,233746,590,1,1463792000,2984544000,3739936000,Boros,Fair
1363,18,66,2002,2,Male,62715 Sixth Avenue,42.72,-78.83,24121,49185,92484,690,2,385936000,786960000,1479744000,Boros,Good
10,30,66,1990,2,Male,835 George Drive,25.77,-80.2,28871,58865,94134,727,2,461936000,941840000,1506144000,Boros,Good
1725,49,66,1970,9,Female,791 11th Boulevard,37.55,-77.46,20917,42652,133935,729,6,334672000,682432000,2142960000,Normal,Good
1145,43,65,1977,1,Female,7512 South Boulevard,44.26,-88.39,36825,75080,35268,747,3,589200000,1201280000,564288000,Boros,Very Good
864,56,69,1963,10,Female,7532 Park Boulevard,43.43,-116.32,19198,39146,72957,766,3,307168000,626336000,1167312000,Normal,Very Good
1357,75,65,1944,12,Female,402 Birch Boulevard,47.2,-122.4,16941,11410,0,812,7,271056000,182560000,0,Hemat,Excellent
1344,61,65,1958,11,Male,186 Forest Avenue,42.58,-83.03,22974,46843,66529,736,2,367584000,749488000,1064464000,Normal,Good
1252,23,70,1996,7,Female,473 El Camino Street,33.86,-118.33,25900,52815,77064,658,2,414400000,845040000,1233024000,Boros,Fair
935,18,71,2002,1,Female,197 George Drive,31.5,-82.85,15701,32014,61420,728,3,251216000,512224000,982720000,Hemat,Good
1748,44,71,1975,7,Female,6624 Valley Street,31.21,-81.37,26808,54659,73363,628,1,428928000,874544000,1173808000,Boros,Fair
1123,44,66,1975,7,Male,6882 Forest Drive,34.8,-79.54,13683,27896,42046,710,3,218928000,446336000,672736000,Hemat,Good
546,51,68,1969,1,Male,599 East Lane,41.68,-71.66,25111,51196,26617,681,3,401776000,819136000,425872000,Boros,Good
430,52,67,1967,5,Female,903 Hill Boulevard,41.42,-87.35,26168,53350,128676,685,5,418688000,853600000,2058816000,Boros,Good
61,44,65,1976,2,Female,4121 Mountain View Boulevard,41.05,-73.74,45812,93406,151935,801,3,732992000,1494496000,2430960000,Boros,Excellent
1621,66,69,1953,9,Male,900 Catherine Street,32.96,-117.12,36323,74059,144396,744,4,581168000,1184944000,2310336000,Boros,Very Good
413,21,70,1998,3,Male,1848 Mountain View Avenue,33.86,-84.68,25025,51028,105239,660,2,400400000,816448000,1683824000,Boros,Fair
269,21,69,1998,5,Female,537 Fourth Lane,39.65,-82.74,19000,38739,0,689,3,304000000,619824000,0,Normal,Good
37,41,60,1978,7,Female,533 Sussex Drive,43.31,-76.57,17013,34690,48954,683,4,272208000,555040000,783264000,Hemat,Good
1793,37,63,1982,8,Male,5608 Hillside Avenue,34.77,-89.44,14367,29297,36303,825,4,229872000,468752000,580848000,Hemat,Excellent
1846,82,64,1937,10,Male,635 Sussex Drive,36.74,-91.86,14191,33356,938,566,4,227056000,533696000,15008000,Hemat,Poor
116,31,68,1988,8,Male,168 Sussex Boulevard,42.95,-77.59,32973,67230,45269,685,2,527568000,1075680000,724304000,Boros,Good
752,65,64,1954,6,Female,5814 Lincoln Lane,40.82,-72.98,27376,64829,15537,664,3,438016000,1037264000,248592000,Boros,Fair
1185,29,66,1990,11,Female,5493 Catherine Drive,33.95,-84.54,33093,67473,140270,780,1,529488000,1079568000,2244320000,Boros,Very Good
683,61,66,1959,1,Male,201 Grant Drive,40.79,-77.85,25031,51039,0,704,5,400496000,816624000,0,Boros,Good
903,25,67,1994,8,Male,2484 Essex Avenue,41.38,-72.85,29231,59599,79126,717,5,467696000,953584000,1266016000,Boros,Good
559,56,59,1963,5,Male,593 Valley Stream Drive,35.97,-97.02,17394,35468,53185,490,2,278304000,567488000,850960000,Normal,Poor
1338,33,67,1986,12,Male,12 12th Avenue,42.58,-87.85,23060,47023,0,765,2,368960000,752368000,0,Normal,Very Good
75,80,66,1939,12,Female,6328 Forest Street,29.76,-95.38,18528,22326,1620,564,4,296448000,357216000,25920000,Hemat,Poor
861,22,67,1997,7,Female,919 First Street,41.99,-89.2,20147,41080,106545,793,1,322352000,657280000,1704720000,Normal,Very Good
100,56,66,1963,9,Male,3982 Ocean View Street,35.98,-79.99,24005,48944,79960,813,7,384080000,783104000,1279360000,Boros,Excellent
1140,44,65,1975,7,Male,591 South Avenue,38.96,-95.25,27149,55351,152645,703,6,434384000,885616000,2442320000,Boros,Good
531,18,68,2001,12,Male,6294 Essex Drive,37.18,-113.6,14470,29497,66044,722,3,231520000,471952000,1056704000,Hemat,Good
279,25,64,1995,2,Female,940 Plum Boulevard,27.95,-82.48,34122,69572,137845,753,2,545952000,1113152000,2205520000,Boros,Very Good
362,37,59,1983,1,Male,6680 River Avenue,36.07,-115.21,23889,48710,59824,792,3,382224000,779360000,957184000,Boros,Very Good
1458,32,66,1987,6,Male,6106 Norfolk Boulevard,30.06,-89.93,17536,35755,61748,708,4,280576000,572080000,987968000,Normal,Good
976,67,69,1952,8,Female,198 Lincoln Street,41.09,-73.42,30736,62669,70317,760,5,491776000,1002704000,1125072000,Boros,Very Good
71,39,69,1980,5,Male,164 Ocean View Street,43.44,-93.21,16087,32801,44496,701,2,257392000,524816000,711936000,Hemat,Good
375,50,66,1970,2,Female,4492 Grant Drive,35.7,-81.21,18444,37617,57746,695,3,295104000,601872000,923936000,Normal,Good
403,33,72,1986,7,Male,699 Third Avenue,32.15,-94.79,17898,36496,119670,759,1,286368000,583936000,1914720000,Normal,Very Good
983,77,67,1942,8,Male,8407 Forest Drive,43.45,-76.5,20447,47993,3080,827,5,327152000,767888000,49280000,Boros,Excellent
435,71,66,1948,8,Female,5023 11th Avenue,37.06,-113.57,15881,23350,19515,679,2,254096000,373600000,312240000,Hemat,Good
542,52,65,1967,7,Female,4092 El Camino Lane,35.46,-97.51,14465,29496,49681,704,5,231440000,471936000,794896000,Hemat,Good
1090,59,66,1960,10,Female,102 Burns Boulevard,40.68,-75.22,21005,42825,105122,850,5,336080000,685200000,1681952000,Normal,Excellent
60,47,64,1972,8,Female,467 Birch Avenue,43.23,-77.06,16703,34057,59247,655,4,267248000,544912000,947952000,Hemat,Fair
287,42,73,1977,8,Female,152 El Camino Boulevard,29.31,-95.01,21178,43181,57199,710,3,338848000,690896000,915184000,Normal,Good
1857,32,66,1987,8,Male,4063 Burns Boulevard,40.77,-74.39,47698,97248,197100,775,5,763168000,1555968000,3153600000,Boros,Very Good
1291,43,64,1976,11,Male,582 Essex Street,38.21,-91.16,17101,34869,53381,699,2,273616000,557904000,854096000,Hemat,Good
408,58,62,1961,4,Female,690 Hill Lane,45.4,-91.84,15371,31343,49537,741,3,245936000,501488000,792592000,Hemat,Very Good
173,63,62,1956,5,Female,440 North Street,32.45,-99.73,16665,30399,19404,668,4,266640000,486384000,310464000,Hemat,Fair
1787,52,66,1967,9,Female,417 Hill Lane,38.04,-84.45,28583,58278,51539,689,6,457328000,932448000,824624000,Boros,Good
1800,62,55,1958,2,Male,506 Washington Lane,37.48,-86.29,14038,9445,14856,641,2,224608000,151120000,237696000,Hemat,Fair
438,32,66,1987,10,Female,12960 El Camino Lane,40.72,-74.17,16691,34034,55846,633,2,267056000,544544000,893536000,Hemat,Fair
1988,59,67,1960,8,Male,763 Essex Avenue,25.77,-80.2,53676,109440,180865,737,5,858816000,1751040000,2893840000,Boros,Good
1143,20,61,2000,2,Female,72 Lexington Avenue,40.55,-74.28,30587,62365,137710,606,1,489392000,997840000,2203360000,Boros,Fair
1250,85,67,1935,1,Female,872 Lake Avenue,40.01,-78.36,15262,38499,1493,746,5,244192000,615984000,23888000,Normal,Very Good
1767,21,65,1998,9,Female,3208 El Camino Street,39.7,-86.38,23355,47622,87054,709,2,373680000,761952000,1392864000,Normal,Good
1072,48,62,1972,1,Female,940 First Drive,38.71,-92.08,19627,40017,75377,648,1,314032000,640272000,1206032000,Normal,Fair
1841,28,71,1991,5,Female,672 Grant Lane,29.98,-81.67,19805,40381,63008,730,3,316880000,646096000,1008128000,Normal,Good
1202,63,65,1956,10,Female,881 Ocean View Street,41.83,-87.68,0,4,0,691,3,0,64000,0,Hemat,Good
235,32,67,1987,12,Female,7012 11th Lane,40.71,-73.99,23874,48676,110589,721,4,381984000,778816000,1769424000,Boros,Good
1766,62,66,1957,9,Male,6076 Bayview Boulevard,43.06,-87.96,9995,20377,12092,789,4,159920000,326032000,193472000,Hemat,Very Good
1702,53,68,1967,2,Female,75011 Lafayette Drive,33.99,-117.53,19851,40470,87086,691,5,317616000,647520000,1393376000,Normal,Good
1142,52,62,1967,3,Male,544 Main Drive,42.15,-71.13,38878,79272,107029,716,3,622048000,1268352000,1712464000,Boros,Good
1653,42,63,1978,1,Male,603 Rose Avenue,41.85,-72.65,29261,59663,89579,681,1,468176000,954608000,1433264000,Boros,Good
1982,30,71,1990,2,Male,5737 Washington Boulevard,40.13,-75.06,34043,69412,64273,699,2,544688000,1110592000,1028368000,Boros,Good
1423,23,55,1996,3,Female,989 Hill Avenue,28.8,-81.88,11204,22844,37625,689,1,179264000,365504000,602000000,Hemat,Good
48,69,63,1950,4,Male,5233 Valley Stream Street,35.11,-106.62,20993,16542,36831,733,3,335888000,264672000,589296000,Hemat,Good
1582,23,71,1996,10,Female,515 Tenth Lane,36.46,-121.82,29174,59479,69645,688,1,466784000,951664000,1114320000,Boros,Good
656,61,64,1958,5,Female,98 Ninth Street,35.06,-85.09,25814,52633,137109,704,1,413024000,842128000,2193744000,Boros,Good
500,21,67,1998,4,Female,4497 Summit Boulevard,36.5,-80.61,15286,31167,29342,749,3,244576000,498672000,469472000,Hemat,Very Good
1862,25,65,1994,4,Female,7111 Lexington Avenue,41.57,-93.61,18568,37864,57052,686,1,297088000,605824000,912832000,Normal,Good
1850,18,61,2001,9,Female,293 South Street,31.94,-94.85,16183,32998,45196,736,1,258928000,527968000,723136000,Hemat,Good
1808,31,69,1988,8,Female,1415 Sixth Street,32.02,-102.1,17329,35331,55566,697,4,277264000,565296000,889056000,Normal,Good
277,46,68,1974,2,Male,2292 South Street,33.77,-89.81,15568,31739,81905,799,5,249088000,507824000,1310480000,Hemat,Very Good
1716,18,65,2001,4,Female,1692 Hillside Avenue,32.21,-98.67,12583,25654,55761,746,1,201328000,410464000,892176000,Hemat,Very Good
516,35,66,1984,10,Male,34 Summit Drive,32.61,-117.03,16942,34542,35474,697,4,271072000,552672000,567584000,Hemat,Good
620,26,61,1993,5,Male,930 Mill Drive,37.8,-89.03,16397,33437,56690,588,1,262352000,534992000,907040000,Hemat,Fair
159,53,69,1966,7,Male,274 Summit Street,32.79,-96.76,13799,28134,20231,707,3,220784000,450144000,323696000,Hemat,Good
478,54,71,1965,9,Male,9939 Mill Lane,34.05,-84.07,35710,72807,0,803,3,571360000,1164912000,0,Boros,Excellent
772,62,65,1957,10,Female,24684 Ocean View Boulevard,45.47,-122.37,22599,46075,139335,741,3,361584000,737200000,2229360000,Normal,Very Good
1537,35,69,1984,6,Female,4395 Bayview Lane,47.69,-117.19,17760,36213,48364,637,1,284160000,579408000,773824000,Normal,Fair
1429,62,66,1957,7,Female,4823 Lincoln Drive,39.76,-104.87,16459,33556,10619,799,4,263344000,536896000,169904000,Hemat,Very Good
1228,54,61,1965,7,Male,456 Sixth Boulevard,30.26,-97.74,23287,47482,59590,726,5,372592000,759712000,953440000,Normal,Good
991,52,60,1967,8,Male,3740 Ocean Lane,41.37,-82.1,18110,36927,54145,554,1,289760000,590832000,866320000,Normal,Poor
1249,18,65,2002,1,Female,24 Lafayette Street,30.84,-83.27,19681,40131,48468,721,1,314896000,642096000,775488000,Normal,Good
1242,52,69,1967,10,Female,549 Tenth Avenue,41.83,-87.68,14963,30509,56953,641,2,239408000,488144000,911248000,Hemat,Fair
1759,87,69,1932,11,Female,983 George Boulevard,33.27,-117.28,22270,33279,1642,778,6,356320000,532464000,26272000,Hemat,Very Good
1058,61,67,1958,3,Male,5363 Tenth Lane,36.18,-87.34,17261,35196,51751,684,4,276176000,563136000,828016000,Hemat,Good
1730,52,65,1967,10,Female,445 West Boulevard,40.71,-74.06,21642,44128,148684,739,3,346272000,706048000,2378944000,Normal,Good
1632,20,70,1999,8,Female,885 Bayview Lane,46.87,-96.81,22214,45292,88917,660,4,355424000,724672000,1422672000,Normal,Fair
1224,42,66,1977,9,Male,763 Lexington Avenue,38.99,-76.93,26224,53464,20683,751,4,419584000,855424000,330928000,Boros,Very Good
1940,40,65,1979,10,Female,464 Lake Drive,40.74,-73.85,13177,26865,19529,826,5,210832000,429840000,312464000,Hemat,Excellent
1132,18,69,2002,2,Female,2668 Lafayette Avenue,28.4,-80.6,20392,41579,50190,694,2,326272000,665264000,803040000,Normal,Good
895,46,70,1973,8,Female,9503 South Street,34.23,-116.86,15515,31632,76538,832,3,248240000,506112000,1224608000,Hemat,Excellent
1556,30,67,1989,7,Female,594 Mountain View Street,46.8,-100.76,23679,48277,110153,740,4,378864000,772432000,1762448000,Boros,Very Good
1025,19,62,2000,10,Male,122 11th Drive,34.05,-79.75,16393,33426,51699,664,4,262288000,534816000,827184000,Hemat,Fair
1972,73,68,1946,3,Female,3802 Maple Street,41.47,-81.67,9389,13089,10928,772,4,150224000,209424000,174848000,Hemat,Very Good
86,24,65,1995,6,Male,7675 Main Boulevard,33.0,-81.3,11384,23212,25138,799,3,182144000,371392000,402208000,Hemat,Very Good
344,18,63,2002,1,Male,7193 George Boulevard,34.22,-118.59,24074,49084,106863,577,3,385184000,785344000,1709808000,Boros,Poor
1189,63,68,1956,11,Female,412 Spruce Boulevard,42.66,-73.79,15490,31582,23359,693,4,247840000,505312000,373744000,Hemat,Good
921,74,66,1945,5,Male,960 Mill Lane,42.98,-77.67,26072,54013,3628,779,8,417152000,864208000,58048000,Boros,Very Good
393,41,64,1978,12,Male,3536 Burns Street,33.44,-94.07,15884,32387,65171,765,1,254144000,518192000,1042736000,Hemat,Very Good
1254,61,65,1959,2,Female,576 Jefferson Boulevard,40.12,-88.64,16978,34619,13326,747,5,271648000,553904000,213216000,Hemat,Very Good
212,52,67,1968,2,Male,142 First Drive,32.79,-96.76,13799,28137,88482,797,6,220784000,450192000,1415712000,Hemat,Very Good
1262,56,68,1963,11,Female,5814 Ocean Street,41.01,-121.47,13723,27981,62926,717,3,219568000,447696000,1006816000,Hemat,Good
122,65,66,1954,3,Female,6303 South Boulevard,29.69,-91.3,19237,39221,45409,786,4,307792000,627536000,726544000,Normal,Very Good
1118,25,70,1994,8,Female,166 Littlewood Lane,34.06,-118.35,40761,83104,222502,714,5,652176000,1329664000,3560032000,Boros,Good
974,59,65,1960,9,Male,948 Federal Drive,34.73,-82.25,23966,48867,92873,644,2,383456000,781872000,1485968000,Boros,Fair
1274,49,61,1970,4,Female,824 West Drive,41.95,-71.7,24260,49464,123198,705,6,388160000,791424000,1971168000,Boros,Good
1453,37,73,1982,11,Female,4830 Ocean Drive,33.73,-87.28,17716,36122,51593,641,2,283456000,577952000,825488000,Normal,Fair
337,20,74,1999,9,Male,2539 Hill Street,41.69,-71.51,22701,46284,46220,850,1,363216000,740544000,739520000,Normal,Excellent
1023,49,69,1970,10,Female,990 Burns Boulevard,35.25,-81.17,23879,48688,81995,679,1,382064000,779008000,1311920000,Boros,Good
1903,50,68,1969,9,Female,9794 Essex Lane,47.68,-122.38,35031,71427,115702,709,3,560496000,1142832000,1851232000,Boros,Good
604,60,65,1959,12,Male,53 Madison Street,39.84,-75.71,34744,70840,52578,736,4,555904000,1133440000,841248000,Boros,Good
1637,32,66,1988,2,Female,8445 11th Lane,34.99,-80.86,26878,54804,172493,687,2,430048000,876864000,2759888000,Boros,Good
1470,88,57,1931,9,Male,636 Main Avenue,30.79,-98.43,13088,22371,994,700,4,209408000,357936000,15904000,Hemat,Good
1856,51,65,1968,11,Male,1209 George Drive,34.93,-78.72,18376,37467,50461,784,4,294016000,599472000,807376000,Normal,Very Good
907,32,71,1987,11,Male,2426 Littlewood Avenue,44.94,-93.1,30650,62492,18680,686,3,490400000,999872000,298880000,Boros,Good
1923,42,67,1977,8,Male,9387 Lincoln Boulevard,37.02,-93.47,17222,35119,57463,850,3,275552000,561904000,919408000,Hemat,Excellent
674,63,66,1957,1,Female,13 Sixth Boulevard,32.73,-117.08,13805,28147,25987,756,7,220880000,450352000,415792000,Hemat,Very Good
1665,19,62,2001,1,Male,3804 Ninth Street,33.94,-84.2,31677,64585,121851,665,1,506832000,1033360000,1949616000,Boros,Fair
548,33,69,1986,6,Male,81 Wessex Drive,38.02,-121.3,14709,29996,44313,809,4,235344000,479936000,709008000,Hemat,Excellent
209,61,67,1959,1,Female,2111 Burns Street,31.65,-106.15,14322,29206,25966,716,6,229152000,467296000,415456000,Hemat,Good
730,51,69,1968,8,Male,932 Bayview Avenue,38.9,-94.68,41663,84944,57746,713,3,666608000,1359104000,923936000,Boros,Good
670,21,71,1998,3,Female,7469 El Camino Street,42.31,-83.21,11773,24006,57226,801,2,188368000,384096000,915616000,Hemat,Excellent
627,50,62,1969,11,Male,6669 Burns Street,41.83,-73.12,22401,45674,83331,717,1,358416000,730784000,1333296000,Normal,Good
924,48,75,1972,1,Female,6126 Ocean View Boulevard,40.06,-85.84,19810,40392,52417,645,1,316960000,646272000,838672000,Normal,Fair
894,41,68,1978,5,Female,1071 Lafayette Street,43.3,-71.33,19781,40334,65793,597,3,316496000,645344000,1052688000,Normal,Fair
1633,36,65,1984,1,Male,4172 Federal Drive,33.38,-111.87,21053,42927,132343,687,4,336848000,686832000,2117488000,Normal,Good
1593,24,69,1995,12,Male,652 Maple Street,39.77,-84.19,18208,37122,58984,753,4,291328000,593952000,943744000,Normal,Very Good
720,36,65,1983,5,Female,980 Federal Drive,42.38,-83.1,9710,19800,40038,682,3,155360000,316800000,640608000,Hemat,Good
264,49,67,1970,8,Male,468 Park Lane,40.23,-77.02,21728,44303,53407,696,1,347648000,708848000,854512000,Normal,Good
827,61,71,1958,4,Female,9189 Valley Street,43.1,-75.23,15194,30984,39222,616,4,243104000,495744000,627552000,Hemat,Fair
414,45,66,1975,1,Female,471 Eighth Lane,40.79,-74.47,55362,112875,44432,709,2,885792000,1806000000,710912000,Boros,Good
1439,28,65,1991,11,Female,5663 Martin Luther King Boulevard,36.19,-82.95,14406,29371,32300,715,2,230496000,469936000,516800000,Hemat,Good
843,35,64,1984,8,Male,4238 Lexington Lane,41.84,-87.75,13891,28325,38658,822,6,222256000,453200000,618528000,Hemat,Excellent
1008,52,69,1968,2,Female,38688 First Avenue,41.83,-87.68,22296,45462,68494,657,5,356736000,727392000,1095904000,Normal,Fair
1834,32,66,1987,7,Female,767 Park Drive,33.57,-101.87,17444,35565,54634,681,3,279104000,569040000,874144000,Normal,Good
1126,18,64,2002,1,Male,3578 Pine Lane,35.4,-80.59,20570,41940,82593,710,1,329120000,671040000,1321488000,Normal,Good
881,61,70,1958,3,Female,4155 Spruce Avenue,39.85,-75.18,28663,58433,48231,696,4,458608000,934928000,771696000,Boros,Good
679,57,69,1962,11,Male,1690 Main Avenue,41.27,-80.13,16809,34272,39514,765,4,268944000,548352000,632224000,Hemat,Very Good
1333,18,69,2001,9,Male,38 Valley Stream Street,27.75,-82.64,34974,71312,200793,741,4,559584000,1140992000,3212688000,Boros,Very Good
398,49,69,1970,11,Female,6999 Lexington Lane,38.51,-121.49,18344,37401,76201,737,4,293504000,598416000,1219216000,Normal,Good
151,18,65,2002,2,Female,303 Lexington Drive,26.23,-80.13,27916,56921,115330,823,1,446656000,910736000,1845280000,Boros,Excellent
106,52,60,1967,10,Male,146 Plum Avenue,39.77,-86.14,14691,29957,60321,624,5,235056000,479312000,965136000,Hemat,Fair
1784,51,68,1969,1,Male,6310 El Camino Drive,38.96,-90.18,21680,44206,62813,690,1,346880000,707296000,1005008000,Normal,Good
1924,47,57,1973,1,Male,605 Hillside Boulevard,29.97,-92.12,18730,38190,81968,652,1,299680000,611040000,1311488000,Normal,Fair
671,37,66,1982,4,Female,363 Main Lane,35.93,-89.92,16689,34032,68762,769,2,267024000,544512000,1100192000,Hemat,Very Good
1472,43,69,1976,6,Male,33 Bayview Avenue,35.05,-78.87,17751,36189,16988,694,3,284016000,579024000,271808000,Normal,Good
855,51,65,1969,1,Male,1047 Seventh Street,32.32,-90.2,11061,22557,63019,699,5,176976000,360912000,1008304000,Hemat,Good
981,44,68,1975,11,Male,4169 Fourth Lane,34.23,-119.07,27544,56163,104767,671,1,440704000,898608000,1676272000,Boros,Good
1030,44,71,1975,10,Male,168 Mill Drive,45.63,-122.52,22050,44963,90682,705,4,352800000,719408000,1450912000,Normal,Good
384,20,68,1999,11,Male,76089 Grant Boulevard,42.58,-83.03,19200,39144,55347,702,1,307200000,626304000,885552000,Normal,Good
80,82,67,1937,8,Female,362 Martin Luther King Street,41.01,-84.47,15090,21815,1597,498,5,241440000,349040000,25552000,Hemat,Poor
1331,49,70,1971,2,Female,6661 Mill Lane,47.11,-122.76,24044,49026,83385,718,1,384704000,784416000,1334160000,Boros,Good
205,38,68,1982,1,Male,839 Essex Lane,47.65,-111.38,19560,39882,77817,809,4,312960000,638112000,1245072000,Normal,Excellent
1048,59,63,1960,12,Female,265 Ocean Drive,29.79,-95.82,26422,53878,78143,779,4,422752000,862048000,1250288000,Boros,Very Good
1801,18,64,2001,9,Female,3371 Madison Boulevard,33.29,-117.3,15520,31644,70064,480,1,248320000,506304000,1121024000,Hemat,Poor
1490,30,69,1989,4,Female,145 Spruce Street,39.86,-104.86,20522,41839,46226,761,4,328352000,669424000,739616000,Normal,Very Good
818,54,66,1965,3,Female,2571 Plum Avenue,27.98,-80.66,15318,31240,26005,770,5,245088000,499840000,416080000,Hemat,Very Good
1463,80,69,1940,1,Female,221 Catherine Boulevard,42.15,-74.53,14515,9766,66,732,4,232240000,156256000,1056000,Hemat,Good
1835,25,65,1994,8,Female,355 Burns Boulevard,40.86,-76.78,16519,33682,42690,793,1,264304000,538912000,683040000,Hemat,Very Good
952,29,66,1990,5,Male,7135 Ninth Lane,42.31,-71.16,62177,126775,28869,685,2,994832000,2028400000,461904000,Boros,Good
616,45,72,1974,5,Female,4173 Wessex Avenue,32.19,-88.05,17076,34817,63313,586,1,273216000,557072000,1013008000,Hemat,Fair
638,65,65,1955,2,Female,674 Elm Boulevard,41.54,-96.13,25102,16889,38489,679,5,401632000,270224000,615824000,Hemat,Good
1366,25,63,1994,9,Female,212 Lincoln Lane,30.33,-81.65,19617,40000,127951,767,3,313872000,640000000,2047216000,Normal,Very Good
443,31,71,1988,5,Male,913 Mill Boulevard,43.15,-72.36,20592,41986,134162,697,1,329472000,671776000,2146592000,Normal,Good
336,23,65,1996,12,Male,2545 Federal Drive,40.71,-74.06,21642,44128,0,760,1,346272000,706048000,0,Normal,Very Good
611,23,65,1996,7,Male,16 Jefferson Drive,42.26,-88.0,28799,58721,135065,758,1,460784000,939536000,2161040000,Boros,Very Good
973,55,68,1964,5,Male,1587 Rose Lane,34.51,-89.94,12285,25051,19465,734,4,196560000,400816000,311440000,Hemat,Good
632,20,67,1999,12,Female,12694 Fourth Boulevard,40.12,-102.72,14242,29040,36331,703,1,227872000,464640000,581296000,Hemat,Good
1918,45,67,1974,6,Male,955 Seventh Avenue,32.59,-85.48,20782,42379,64124,550,1,332512000,678064000,1025984000,Normal,Poor
1827,59,67,1960,5,Male,6320 East Avenue,33.25,-116.98,22727,46341,78610,686,6,363632000,741456000,1257760000,Normal,Good
70,20,64,2000,2,Male,8997 Summit Avenue,40.26,-76.71,31040,63292,145756,635,1,496640000,1012672000,2332096000,Boros,Fair
672,37,68,1983,2,Male,95873 Madison Boulevard,35.81,-83.25,11755,23967,3880,722,4,188080000,383472000,62080000,Hemat,Good
1461,41,72,1978,12,Female,691 Valley Drive,41.24,-81.82,23559,48038,83238,704,6,376944000,768608000,1331808000,Boros,Good
510,27,65,1992,10,Male,311 Little Creek Boulevard,37.72,-122.44,22549,45973,0,777,2,360784000,735568000,0,Normal,Very Good
256,75,65,1945,2,Male,863 Park Drive,35.82,-78.31,19485,22850,17453,714,6,311760000,365600000,279248000,Hemat,Good
1410,22,63,1998,1,Female,7902 Norfolk Drive,39.3,-76.44,21017,42856,67954,571,1,336272000,685696000,1087264000,Normal,Poor
574,22,66,1997,12,Male,7296 Second Lane,38.38,-84.29,17478,35635,16372,713,4,279648000,570160000,261952000,Normal,Good
1837,66,66,1953,5,Female,56 Tenth Boulevard,33.97,-118.24,11649,24947,1767,766,4,186384000,399152000,28272000,Hemat,Very Good
1974,74,57,1945,4,Female,826 12th Drive,39.99,-111.81,18058,31792,28723,647,3,288928000,508672000,459568000,Hemat,Fair
30,23,59,1996,8,Female,2478 El Camino Avenue,31.96,-94.05,19119,38983,96098,577,1,305904000,623728000,1537568000,Normal,Poor
1270,31,67,1988,4,Female,8862 Ninth Avenue,40.21,-75.27,35861,73117,73557,685,2,573776000,1169872000,1176912000,Boros,Good
1815,59,66,1960,3,Female,8060 Pine Boulevard,41.82,-71.41,30403,61991,2151,758,4,486448000,991856000,34416000,Boros,Very Good
805,19,65,2000,3,Female,5709 Little Creek Lane,42.38,-83.1,15790,32192,24074,686,2,252640000,515072000,385184000,Hemat,Good
464,36,64,1983,11,Male,2352 Bayview Boulevard,28.5,-81.37,33078,67444,93513,850,1,529248000,1079104000,1496208000,Boros,Excellent
1042,22,67,1997,10,Female,6179 Eighth Boulevard,43.73,-70.55,22485,45846,103277,766,1,359760000,733536000,1652432000,Normal,Very Good
1579,81,70,1938,6,Female,7673 Plum Drive,27.95,-82.48,18881,28594,1821,728,5,302096000,457504000,29136000,Hemat,Good
830,29,71,1990,10,Female,412 First Boulevard,29.99,-95.26,32943,67166,123932,688,2,527088000,1074656000,1982912000,Boros,Good
465,47,72,1972,5,Male,38318 West Drive,34.42,-84.11,20581,41965,55700,724,2,329296000,671440000,891200000,Normal,Good
1954,47,68,1973,1,Female,965 Wessex Street,33.94,-117.95,23740,48406,80441,683,3,379840000,774496000,1287056000,Boros,Good
959,35,67,1984,11,Female,5223 Lafayette Drive,40.22,-74.93,50208,102369,189558,738,2,803328000,1637904000,3032928000,Boros,Good
1049,66,67,1953,11,Female,289 Ocean View Avenue,25.77,-80.2,17893,36481,81550,850,6,286288000,583696000,1304800000,Normal,Excellent
1925,25,63,1994,11,Male,225 Seventh Avenue,45.11,-93.39,29872,60910,110864,679,2,477952000,974560000,1773824000,Boros,Good
1088,49,65,1970,11,Female,8893 Littlewood Lane,32.78,-79.99,17158,34982,134631,765,3,274528000,559712000,2154096000,Hemat,Very Good
14,79,57,1940,12,Female,2487 Martin Luther King Drive,21.39,-158.01,21314,32232,21134,652,5,341024000,515712000,338144000,Hemat,Fair
162,37,69,1983,1,Male,9550 Jefferson Street,42.56,-83.38,32423,66111,98102,771,5,518768000,1057776000,1569632000,Boros,Very Good
1692,81,59,1938,8,Female,97339 Lake Avenue,41.03,-73.86,74205,162709,5642,542,3,1187280000,2603344000,90272000,Boros,Poor
380,46,70,1974,1,Male,3551 Spruce Boulevard,41.57,-93.61,18568,37857,57727,800,2,297088000,605712000,923632000,Normal,Excellent
141,70,66,1949,7,Male,744 Lafayette Street,31.02,-96.48,17356,23082,23406,638,5,277696000,369312000,374496000,Hemat,Fair
1348,83,64,1936,6,Male,873 Summit Street,40.64,-73.94,0,2,0,667,6,0,32000,0,Hemat,Fair
1256,37,68,1982,9,Male,1723 North Lane,41.2,-73.13,27589,56248,149587,728,4,441424000,899968000,2393392000,Boros,Good
1690,18,67,2001,3,Female,356 Plum Boulevard,32.93,-94.7,15832,32281,80882,630,2,253312000,516496000,1294112000,Hemat,Fair
169,85,71,1934,5,Male,2 11th Avenue,33.94,-80.39,14224,30451,93,686,4,227584000,487216000,1488000,Hemat,Good
1955,85,62,1934,4,Female,7016 Hillside Lane,35.54,-82.84,16248,28134,2081,674,2,259968000,450144000,33296000,Hemat,Good
1807,47,65,1972,12,Female,14780 Plum Lane,40.84,-73.87,25537,52065,98613,828,5,408592000,833040000,1577808000,Boros,Excellent
102,32,67,1987,7,Female,2785 Elm Drive,33.76,-117.97,16289,33212,59638,649,1,260624000,531392000,954208000,Hemat,Fair
257,52,65,1967,9,Male,858 Martin Luther King Drive,34.2,-118.39,15239,31070,86747,708,4,243824000,497120000,1387952000,Hemat,Good
911,18,68,2001,11,Male,69524 Valley Lane,37.33,-88.07,14500,29562,31509,757,1,232000000,472992000,504144000,Hemat,Very Good
987,52,67,1967,10,Male,6785 Essex Lane,39.14,-77.21,30179,61532,26832,683,4,482864000,984512000,429312000,Boros,Good
101,18,62,2002,1,Female,91 Essex Lane,32.88,-105.95,15095,30778,73680,681,1,241520000,492448000,1178880000,Hemat,Good
1141,66,57,1953,10,Male,35 Essex Drive,36.48,-80.61,15838,27266,19798,777,5,253408000,436256000,316768000,Hemat,Very Good
1682,57,69,1962,5,Male,241 Hillside Lane,47.91,-97.07,23910,48750,117616,716,5,382560000,780000000,1881856000,Boros,Good
481,18,67,2002,2,Male,628 Norfolk Avenue,42.41,-71.16,40694,82972,173295,653,1,651104000,1327552000,2772720000,Boros,Fair
978,21,62,1998,7,Female,288 North Avenue,30.06,-89.93,27603,56280,81803,760,1,441648000,900480000,1308848000,Boros,Very Good
1550,18,67,2001,4,Male,6445 Ninth Lane,47.85,-122.28,24564,50086,51164,776,3,393024000,801376000,818624000,Boros,Very Good
1162,22,69,1997,12,Female,8974 West Lane,35.46,-97.51,19076,38892,50150,705,2,305216000,622272000,802400000,Normal,Good
172,47,66,1972,4,Female,9020 North Street,39.85,-88.93,22153,45164,0,730,3,354448000,722624000,0,Normal,Good
892,38,66,1981,7,Female,4260 Essex Lane,40.43,-75.34,25205,51391,94145,656,1,403280000,822256000,1506320000,Boros,Fair
315,54,69,1966,1,Male,112 Burns Lane,40.78,-81.52,20783,42379,136748,692,3,332528000,678064000,2187968000,Normal,Good
1739,49,62,1970,8,Male,344 Birch Street,42.01,-95.34,16673,33995,46102,531,1,266768000,543920000,737632000,Hemat,Poor
836,18,65,2002,1,Male,822 Ocean View Lane,34.09,-117.96,15775,32165,25778,689,1,252400000,514640000,412448000,Hemat,Good
39,54,67,1965,5,Female,984 Eighth Avenue,41.29,-72.36,30281,61740,126015,583,2,484496000,987840000,2016240000,Boros,Fair
155,86,69,1933,11,Female,235 Fourth Street,31.31,-89.3,14383,9678,812,688,6,230128000,154848000,12992000,Hemat,Good
1305,46,73,1974,2,Female,2794 Seventh Drive,35.33,-89.88,19115,38971,0,784,3,305840000,623536000,0,Normal,Very Good
1504,85,71,1934,7,Male,5993 12th Lane,33.57,-101.87,12187,12826,1550,734,5,194992000,205216000,24800000,Hemat,Good
1105,77,60,1942,6,Male,766 Mountain View Drive,26.21,-98.31,14275,22104,20031,670,3,228400000,353664000,320496000,Hemat,Good
1761,23,71,1996,10,Female,533 Fourth Street,38.65,-121.25,27548,56168,186534,703,3,440768000,898688000,2984544000,Boros,Good
215,18,65,2002,2,Male,6638 Summit Lane,35.57,-82.54,22223,45313,21488,716,2,355568000,725008000,343808000,Normal,Good
948,53,65,1966,12,Female,1540 El Camino Avenue,26.74,-80.12,18205,37119,55010,718,5,291280000,593904000,880160000,Normal,Good
862,25,67,1995,1,Female,8482 Elm Lane,32.42,-96.67,21032,42883,65917,807,3,336512000,686128000,1054672000,Normal,Excellent
1514,53,58,1966,11,Female,6733 Third Boulevard,41.37,-82.1,18110,36925,89762,721,5,289760000,590800000,1436192000,Normal,Good
1698,32,64,1987,7,Male,2783 Washington Avenue,40.87,-73.32,33338,67976,105337,747,3,533408000,1087616000,1685392000,Boros,Very Good
1316,27,65,1993,2,Female,711 Norfolk Drive,40.6,-80.65,16314,33266,0,693,5,261024000,532256000,0,Hemat,Good
1831,25,60,1994,5,Female,4386 El Camino Boulevard,30.33,-81.65,19382,39520,61310,595,2,310112000,632320000,980960000,Normal,Fair
889,27,65,1992,3,Male,900 Norfolk Avenue,39.61,-86.11,25773,52550,140825,710,1,412368000,840800000,2253200000,Boros,Good
526,51,62,1968,3,Female,54870 Lexington Drive,25.77,-80.2,31625,64481,114394,627,5,506000000,1031696000,1830304000,Boros,Fair
231,55,67,1964,3,Female,1442 Mill Avenue,35.05,-78.87,17789,36270,73779,769,5,284624000,580320000,1180464000,Normal,Very Good
910,31,57,1989,2,Male,35 Rose Boulevard,37.38,-121.9,37677,76820,159137,819,2,602832000,1229120000,2546192000,Boros,Excellent
876,65,62,1954,5,Male,3216 Ninth Drive,37.68,-97.34,22638,49817,26928,600,2,362208000,797072000,430848000,Boros,Fair
1509,67,71,1952,8,Female,1429 Summit Drive,39.38,-76.55,23096,47087,92489,820,5,369536000,753392000,1479824000,Normal,Excellent
1422,66,66,1953,7,Female,330 Martin Luther King Lane,35.51,-78.73,18340,36052,6602,767,4,293440000,576832000,105632000,Normal,Very Good
1400,29,71,1990,5,Male,4673 Washington Avenue,32.41,-87.03,12474,25434,0,698,2,199584000,406944000,0,Hemat,Good
492,41,70,1978,9,Male,2397 Madison Avenue,34.95,-82.12,18857,38450,51430,850,1,301712000,615200000,822880000,Normal,Excellent
1516,38,67,1981,3,Male,909 Eighth Street,37.44,-121.87,33758,68827,35669,755,2,540128000,1101232000,570704000,Boros,Very Good
1649,64,63,1956,2,Male,8146 Third Avenue,29.79,-95.82,0,399,323,729,3,0,6384000,5168000,Hemat,Good
1573,71,56,1949,1,Male,793 Norfolk Avenue,29.18,-82.13,12992,17775,11520,746,1,207872000,284400000,184320000,Hemat,Very Good
583,64,67,1955,11,Male,28 West Lane,41.76,-88.29,14200,28954,41461,636,2,227200000,463264000,663376000,Hemat,Fair
1811,83,67,1936,3,Male,308 Second Boulevard,37.34,-122.11,76725,82009,6229,764,8,1227600000,1312144000,99664000,Boros,Very Good
1054,50,69,1970,2,Male,9190 Sussex Lane,45.47,-122.37,22599,46077,135862,639,3,361584000,737232000,2173792000,Normal,Fair
1678,36,65,1983,3,Male,296 Pine Boulevard,41.7,-72.67,28557,58225,101148,685,3,456912000,931600000,1618368000,Boros,Good
333,20,64,2000,1,Female,6877 Jefferson Drive,39.45,-74.72,23298,47504,65156,706,1,372768000,760064000,1042496000,Normal,Good
1412,58,67,1961,6,Female,91 Jefferson Drive,36.97,-86.44,26567,54166,0,707,5,425072000,866656000,0,Boros,Good
177,54,66,1965,12,Female,294 Bayview Lane,35.1,-90.0,28570,58248,107130,728,4,457120000,931968000,1714080000,Boros,Good
390,30,70,1989,4,Male,4328 Forest Boulevard,26.14,-80.13,45143,92046,6658,681,2,722288000,1472736000,106528000,Boros,Good
1577,53,66,1966,12,Male,153 Wessex Drive,27.33,-82.54,19983,40745,18371,718,4,319728000,651920000,293936000,Normal,Good
1609,71,68,1948,7,Female,9854 Park Lane,38.78,-77.27,35563,87659,0,779,4,569008000,1402544000,0,Boros,Very Good
1762,29,64,1990,5,Male,5537 Forest Lane,38.55,-121.49,31184,63583,200435,635,1,498944000,1017328000,3206960000,Boros,Fair
917,58,66,1962,1,Male,735 Forest Avenue,34.07,-118.14,20059,40900,64420,678,3,320944000,654400000,1030720000,Normal,Good
1717,67,67,1952,7,Female,728 Sixth Avenue,43.06,-78.27,17665,43070,14135,726,4,282640000,689120000,226160000,Normal,Good
1355,54,67,1966,1,Male,41 Grant Drive,32.35,-86.28,11703,23863,83430,536,2,187248000,381808000,1334880000,Hemat,Poor
1668,92,67,1927,6,Male,619 North Avenue,42.91,-71.12,26541,56099,933,751,6,424656000,897584000,14928000,Boros,Very Good
1293,32,65,1988,1,Female,219 Federal Street,29.45,-95.06,24217,49374,108192,706,2,387472000,789984000,1731072000,Boros,Good
1597,20,66,1999,7,Male,3404 Main Lane,40.71,-80.1,35188,71750,117124,697,3,563008000,1148000000,1873984000,Boros,Good
202,20,66,1999,7,Female,75 Third Avenue,39.33,-84.4,31920,65082,88347,850,1,510720000,1041312000,1413552000,Boros,Excellent
493,18,65,2002,1,Male,33 Lafayette Lane,32.76,-96.59,14245,29047,36835,786,1,227920000,464752000,589360000,Hemat,Very Good
361,43,68,1976,6,Male,125 Plum Drive,33.91,-118.34,19153,39052,65861,804,4,306448000,624832000,1053776000,Normal,Excellent
1659,94,65,1926,1,Female,4570 Valley Stream Lane,42.26,-88.13,28147,40787,1574,782,6,450352000,652592000,25184000,Normal,Very Good
289,22,64,1997,12,Female,109 El Camino Avenue,29.76,-95.38,11219,22876,36157,685,2,179504000,366016000,578512000,Hemat,Good
737,61,60,1958,3,Female,8301 Tenth Drive,42.33,-122.79,18961,30359,16552,758,2,303376000,485744000,264832000,Hemat,Very Good
1733,47,66,1972,6,Female,6613 Hill Drive,36.73,-84.16,12814,26130,54290,498,1,205024000,418080000,868640000,Hemat,Poor
278,59,66,1960,9,Male,910 Eighth Drive,29.76,-95.38,95039,193768,150896,686,5,1520624000,3100288000,2414336000,Boros,Good
618,32,67,1987,8,Male,3525 Second Lane,33.92,-118.2,13632,27795,72318,701,4,218112000,444720000,1157088000,Hemat,Good
753,53,66,1967,2,Female,919 Oak Boulevard,33.24,-87.59,15540,31688,66776,605,3,248640000,507008000,1068416000,Hemat,Fair
489,36,66,1983,8,Male,430 Grant Boulevard,40.87,-97.59,18024,36753,33657,684,4,288384000,588048000,538512000,Normal,Good
90,63,62,1956,8,Male,9 Mill Drive,28.37,-80.75,19018,12796,22192,644,3,304288000,204736000,355072000,Hemat,Fair
1264,32,65,1987,8,Female,635 East Drive,36.8,-97.29,15077,30737,35858,815,2,241232000,491792000,573728000,Hemat,Excellent
18,30,62,1989,12,Male,9207 Madison Boulevard,39.17,-77.26,31555,64340,94513,637,1,504880000,1029440000,1512208000,Boros,Fair
376,50,74,1969,4,Female,818 12th Lane,39.8,-74.62,28433,57975,34570,773,4,454928000,927600000,553120000,Boros,Very Good
579,30,67,1989,7,Male,774 Park Lane,44.02,-88.16,19382,39520,53896,772,1,310112000,632320000,862336000,Normal,Very Good
218,59,68,1960,3,Female,5238 Park Street,40.76,-74.03,16770,34190,39242,810,7,268320000,547040000,627872000,Hemat,Excellent
1320,28,64,1991,10,Female,5225 Bayview Street,34.02,-118.28,13002,26513,32620,604,1,208032000,424208000,521920000,Hemat,Fair
42,78,66,1941,11,Female,3863 Pine Street,30.84,-83.27,12672,8526,3723,684,3,202752000,136416000,59568000,Hemat,Good
1170,40,63,1980,2,Female,5191 Grant Drive,35.4,-80.43,20041,40867,50449,694,2,320656000,653872000,807184000,Normal,Good
1531,34,62,1985,10,Male,801 River Street,34.47,-85.34,14514,29594,47766,792,1,232224000,473504000,764256000,Hemat,Very Good
1275,35,65,1984,3,Female,1496 Rose Street,34.04,-118.29,11395,23238,31661,611,2,182320000,371808000,506576000,Hemat,Fair
26,49,68,1970,12,Female,9639 Third Boulevard,40.68,-80.27,20142,41071,124139,685,1,322272000,657136000,1986224000,Normal,Good
1937,65,62,1955,2,Female,230 Plum Avenue,38.78,-90.7,25350,17056,29112,667,5,405600000,272896000,465792000,Hemat,Fair
1177,36,66,1983,3,Female,1644 Park Avenue,39.67,-75.75,31719,64672,56485,695,4,507504000,1034752000,903760000,Boros,Good
1032,62,60,1957,6,Female,171 Catherine Lane,36.81,-119.71,17301,26975,17212,673,2,276816000,431600000,275392000,Hemat,Good
397,30,65,1989,4,Female,2328 Little Creek Avenue,39.95,-75.16,10016,20424,14743,770,3,160256000,326784000,235888000,Hemat,Very Good
566,60,67,1959,10,Female,8179 Valley Stream Drive,42.79,-83.62,22680,46244,108449,814,5,362880000,739904000,1735184000,Normal,Excellent
1581,38,65,1981,11,Female,9324 Catherine Street,38.42,-90.36,21744,44334,55173,684,5,347904000,709344000,882768000,Normal,Good
1332,63,68,1956,6,Male,547 West Drive,41.0,-73.66,35269,71909,44190,712,3,564304000,1150544000,707040000,Boros,Good
1648,66,69,1953,5,Female,211 Valley Street,40.76,-74.59,91180,185909,461854,621,5,1458880000,2974544000,7389664000,Boros,Fair
17,76,65,1943,7,Male,2012 Forest Avenue,35.73,-81.32,17850,21867,21103,759,2,285600000,349872000,337648000,Hemat,Very Good
349,40,61,1979,12,Female,1943 Birch Street,40.84,-81.63,21201,43229,96831,685,2,339216000,691664000,1549296000,Normal,Good
1200,64,64,1956,2,Male,106 Littlewood Drive,29.76,-95.38,15401,24420,14460,685,1,246416000,390720000,231360000,Hemat,Good
228,54,66,1966,1,Female,2206 South Drive,28.55,-82.39,15524,31655,46405,623,1,248384000,506480000,742480000,Hemat,Fair
484,84,64,1936,1,Female,4819 Martin Luther King Drive,42.7,-71.11,41665,66745,682,718,3,666640000,1067920000,10912000,Boros,Good
1099,22,65,1997,4,Male,4932 South Boulevard,46.86,-96.75,20214,41214,130538,763,1,323424000,659424000,2088608000,Normal,Very Good
1480,49,64,1970,6,Male,5642 Bayview Avenue,35.11,-106.62,24403,49756,70744,705,1,390448000,796096000,1131904000,Boros,Good
1449,66,63,1953,6,Male,5807 Lincoln Street,32.61,-83.63,15334,28104,12054,751,3,245344000,449664000,192864000,Hemat,Very Good
1417,54,68,1965,3,Female,336 Catherine Lane,42.63,-83.61,25838,52680,87082,835,5,413408000,842880000,1393312000,Boros,Excellent
267,61,66,1958,3,Female,7360 Lexington Drive,37.96,-83.82,13602,27733,21785,765,3,217632000,443728000,348560000,Hemat,Very Good
373,61,63,1959,2,Male,3270 Grant Avenue,40.59,-84.95,10493,21397,54771,812,4,167888000,342352000,876336000,Hemat,Excellent
1772,47,70,1972,10,Male,9070 West Street,34.09,-117.58,24603,50163,97188,761,4,393648000,802608000,1555008000,Boros,Very Good
1418,25,69,1994,5,Female,309 River Avenue,44.13,-89.52,13210,26939,69587,752,1,211360000,431024000,1113392000,Hemat,Very Good
1774,52,69,1967,10,Male,653 Mill Street,44.96,-93.26,20662,42129,101742,758,4,330592000,674064000,1627872000,Normal,Very Good
964,48,66,1971,12,Female,33 North Avenue,40.84,-73.99,22278,45422,83940,689,4,356448000,726752000,1343040000,Normal,Good
72,37,66,1982,12,Male,550 Forest Street,46.51,-112.12,20305,41401,71180,580,1,324880000,662416000,1138880000,Normal,Fair
6,19,63,2000,6,Female,534 Second Lane,32.88,-117.13,27394,55854,111042,782,1,438304000,893664000,1776672000,Boros,Very Good
1527,66,67,1953,11,Female,1426 Fifth Avenue,43.32,-71.18,24779,50523,98763,578,1,396464000,808368000,1580208000,Boros,Poor
1433,73,67,1946,3,Male,2834 West Street,30.68,-88.04,25381,48060,17440,581,3,406096000,768960000,279040000,Boros,Fair
1785,40,64,1979,10,Male,344 11th Street,25.92,-97.48,12684,25861,42050,607,3,202944000,413776000,672800000,Hemat,Fair
1476,29,66,1990,3,Female,685 Jefferson Avenue,40.71,-74.06,21916,44688,88092,716,3,350656000,715008000,1409472000,Normal,Good
455,41,69,1979,1,Female,8676 River Avenue,40.66,-73.73,24412,49776,17352,684,3,390592000,796416000,277632000,Boros,Good
1553,21,62,1998,10,Male,5 Lafayette Avenue,41.24,-81.45,42201,86042,165447,701,2,675216000,1376672000,2647152000,Boros,Good
532,27,65,1993,1,Male,2282 Main Drive,38.53,-90.0,23778,48484,63561,775,4,380448000,775744000,1016976000,Boros,Very Good
1092,54,62,1965,5,Male,703 12th Street,41.01,-75.99,23450,47814,92020,720,2,375200000,765024000,1472320000,Normal,Good
1819,20,69,1999,8,Female,621 Fifth Boulevard,30.58,-91.15,17440,35559,59164,672,2,279040000,568944000,946624000,Normal,Good
528,38,65,1981,7,Male,5661 Forest Avenue,42.78,-96.16,19853,40478,76392,718,3,317648000,647648000,1222272000,Normal,Good
328,45,67,1974,3,Male,4391 Lexington Lane,35.19,-80.83,17817,36323,65525,700,3,285072000,581168000,1048400000,Normal,Good
1282,34,66,1985,3,Female,404 Main Lane,45.76,-108.57,20231,41249,42268,695,2,323696000,659984000,676288000,Normal,Good
783,62,61,1957,9,Male,641 Martin Luther King Avenue,35.31,-106.55,15966,29769,14542,693,3,255456000,476304000,232672000,Hemat,Good
1325,23,66,1996,3,Female,459 East Avenue,37.44,-122.2,150583,307018,516263,745,2,2409328000,4912288000,8260208000,Boros,Very Good
687,20,66,1999,11,Male,1693 Spruce Street,42.24,-84.4,17783,36264,99582,725,1,284528000,580224000,1593312000,Normal,Good
1693,36,69,1983,4,Female,478 East Drive,33.61,-111.89,36300,74016,85204,702,2,580800000,1184256000,1363264000,Boros,Good
1542,46,69,1973,12,Female,515 South Street,41.47,-81.67,27250,55565,34039,731,2,436000000,889040000,544624000,Boros,Good
36,31,63,1988,6,Male,8486 Catherine Street,37.23,-80.42,24640,50242,84457,722,2,394240000,803872000,1351312000,Boros,Good
360,43,67,1976,4,Male,881 Plum Street,39.22,-74.8,22697,46278,51243,791,4,363152000,740448000,819888000,Normal,Very Good
555,31,63,1988,5,Male,6692 Lake Street,38.03,-85.34,21444,43724,53853,514,1,343104000,699584000,861648000,Normal,Poor
136,18,66,2001,4,Female,724 Essex Drive,38.22,-85.74,31636,64504,69041,695,3,506176000,1032064000,1104656000,Boros,Good
603,42,67,1978,2,Female,66 Norfolk Avenue,35.48,-97.26,21884,44624,102882,611,1,350144000,713984000,1646112000,Normal,Fair
1794,49,58,1970,12,Male,469 Catherine Avenue,29.45,-98.5,36852,75137,175263,631,1,589632000,1202192000,2804208000,Boros,Fair
329,70,65,1949,3,Male,6339 Lafayette Avenue,34.39,-119.51,21191,36724,16437,701,4,339056000,587584000,262992000,Normal,Good
1181,61,66,1958,4,Male,747 Rose Drive,35.4,-80.59,25299,51581,35134,810,5,404784000,825296000,562144000,Boros,Excellent
598,47,63,1972,11,Male,305 Elm Street,44.22,-71.74,21159,43144,54157,628,3,338544000,690304000,866512000,Normal,Fair
990,91,67,1929,1,Female,365 Mountain View Boulevard,30.09,-90.99,16474,27150,2007,737,1,263584000,434400000,32112000,Hemat,Good
1777,47,67,1972,5,Male,166 12th Street,38.83,-77.21,30622,62432,95799,741,5,489952000,998912000,1532784000,Boros,Very Good
998,18,67,2001,11,Male,62 East Boulevard,34.08,-117.46,13739,28006,19518,703,2,219824000,448096000,312288000,Hemat,Good
1872,62,65,1957,10,Male,8915 Sixth Avenue,33.95,-84.54,33093,67470,93795,804,6,529488000,1079520000,1500720000,Boros,Excellent
1743,18,75,2002,1,Female,76 Federal Avenue,39.19,-96.59,25658,52315,109513,774,4,410528000,837040000,1752208000,Boros,Very Good
1000,20,73,1999,8,Female,6030 Third Lane,41.93,-71.29,26693,54424,92199,687,1,427088000,870784000,1475184000,Boros,Good
1708,22,66,1997,7,Male,90072 George Drive,37.48,-97.24,22195,45254,75758,850,2,355120000,724064000,1212128000,Normal,Excellent
799,34,68,1985,7,Female,90 El Camino Avenue,42.88,-78.85,15461,31525,57818,686,2,247376000,504400000,925088000,Hemat,Good
144,44,67,1975,3,Female,5380 12th Boulevard,34.5,-93.05,15857,32330,97190,835,4,253712000,517280000,1555040000,Hemat,Excellent
781,30,74,1989,9,Male,7154 Lafayette Drive,32.33,-106.75,16670,33993,45149,602,4,266720000,543888000,722384000,Hemat,Fair
1572,40,70,1979,7,Female,903 Norfolk Boulevard,30.68,-88.04,9284,18935,43928,658,3,148544000,302960000,702848000,Hemat,Fair
793,73,60,1946,8,Female,658 Plum Avenue,26.14,-80.13,21084,42593,16083,703,2,337344000,681488000,257328000,Normal,Good
1681,21,72,1998,6,Male,21 Birch Drive,38.63,-90.24,31909,65058,157708,746,1,510544000,1040928000,2523328000,Boros,Very Good
1179,50,71,1969,7,Female,312 Burns Boulevard,36.67,-76.3,24312,49570,43645,752,5,388992000,793120000,698320000,Boros,Very Good
114,47,65,1972,12,Female,112 Elm Avenue,34.18,-118.39,16892,34441,907,725,4,270272000,551056000,14512000,Hemat,Good
271,30,65,1989,7,Female,352 Hill Lane,45.65,-122.66,20649,42101,70460,685,1,330384000,673616000,1127360000,Normal,Good
1107,71,69,1949,1,Female,836 Summit Boulevard,42.23,-76.34,18323,40516,6908,698,5,293168000,648256000,110528000,Normal,Good
517,33,71,1986,11,Male,87 Ocean Avenue,42.31,-83.21,11773,24009,19085,811,4,188368000,384144000,305360000,Hemat,Excellent
624,33,66,1987,2,Male,515 Spruce Boulevard,42.89,-85.72,18431,37579,59201,710,2,294896000,601264000,947216000,Normal,Good
1215,53,68,1967,2,Female,9458 Park Boulevard,32.84,-116.88,20673,42152,55576,751,1,330768000,674432000,889216000,Normal,Very Good
1992,63,72,1956,7,Female,457 Summit Lane,36.61,-89.81,11636,23725,47647,710,5,186176000,379600000,762352000,Hemat,Good
968,21,69,1998,9,Female,89 Oak Lane,42.88,-78.85,14456,29475,48741,722,1,231296000,471600000,779856000,Hemat,Good
19,82,68,1937,5,Female,6577 Catherine Lane,34.41,-119.7,23071,34903,1336,630,1,369136000,558448000,21376000,Hemat,Fair
1605,39,67,1980,5,Male,9995 Pine Avenue,39.5,-84.37,19293,39336,43747,690,3,308688000,629376000,699952000,Normal,Good
463,32,74,1987,5,Female,412 Fifth Boulevard,40.71,-73.99,19744,40256,0,719,2,315904000,644096000,0,Normal,Good
1365,18,65,2002,2,Male,6039 Valley Stream Street,38.23,-122.56,26752,54547,92901,751,1,428032000,872752000,1486416000,Boros,Very Good
809,54,66,1965,5,Female,2855 Sixth Avenue,41.76,-88.15,41979,85596,159101,618,1,671664000,1369536000,2545616000,Boros,Fair
590,37,66,1982,6,Male,300 West Avenue,34.17,-86.83,17198,35060,39104,724,2,275168000,560960000,625664000,Hemat,Good
1904,69,70,1951,2,Male,5844 Littlewood Street,35.95,-95.38,15195,30983,10019,757,5,243120000,495728000,160304000,Hemat,Very Good
545,55,67,1964,10,Male,22 First Boulevard,40.67,-89.54,22416,45707,113194,715,3,358656000,731312000,1811104000,Normal,Good
789,43,60,1976,11,Female,429 Grant Boulevard,39.59,-75.17,24417,49788,83932,690,3,390672000,796608000,1342912000,Boros,Good
742,69,67,1950,12,Female,829 Mill Boulevard,38.74,-77.48,24016,50753,20226,698,4,384256000,812048000,323616000,Boros,Good
612,88,67,1931,9,Female,336 North Street,39.09,-84.51,18959,16296,667,838,7,303344000,260736000,10672000,Hemat,Excellent
536,21,62,1998,8,Male,894 Catherine Boulevard,42.93,-74.62,15242,31077,89659,789,5,243872000,497232000,1434544000,Hemat,Very Good
523,27,65,1992,6,Female,444 Forest Boulevard,42.77,-86.1,18877,38487,28032,773,4,302032000,615792000,448512000,Normal,Very Good
928,59,66,1960,12,Female,26 Martin Luther King Drive,29.76,-95.38,15862,32347,82667,784,7,253792000,517552000,1322672000,Hemat,Very Good
1642,37,66,1982,4,Female,48190 Plum Drive,39.96,-74.06,19848,40470,41938,731,5,317568000,647520000,671008000,Normal,Good
495,49,63,1970,8,Male,6427 Martin Luther King Drive,43.04,-76.14,18649,38028,79101,831,4,298384000,608448000,1265616000,Normal,Excellent
166,83,64,1936,4,Female,9915 Burns Lane,39.15,-75.51,17634,25567,1001,665,3,282144000,409072000,16016000,Hemat,Fair
1277,33,65,1987,1,Male,97542 Hillside Lane,43.1,-76.21,25429,51848,86951,692,1,406864000,829568000,1391216000,Boros,Good
718,48,63,1971,8,Male,7944 Hill Lane,41.64,-85.41,14263,29081,56301,655,3,228208000,465296000,900816000,Hemat,Fair
1962,34,68,1985,9,Male,2066 Ninth Lane,41.8,-87.92,45307,92375,156949,712,5,724912000,1478000000,2511184000,Boros,Good
133,31,65,1988,10,Female,5295 Pine Street,33.95,-84.54,30747,62692,50290,698,2,491952000,1003072000,804640000,Boros,Good
682,58,62,1961,10,Male,2130 Valley Stream Lane,40.69,-111.99,17276,35229,60945,724,2,276416000,563664000,975120000,Hemat,Good
795,40,58,1979,3,Female,73 Oak Street,32.79,-96.76,37234,75918,94579,759,2,595744000,1214688000,1513264000,Boros,Very Good
1849,39,66,1980,11,Female,364 12th Drive,47.13,-122.4,20345,41483,64098,721,2,325520000,663728000,1025568000,Normal,Good
1732,50,60,1969,7,Female,4704 Essex Boulevard,37.77,-122.21,26391,53810,78986,637,1,422256000,860960000,1263776000,Boros,Fair
167,26,72,1994,1,Female,189 Washington Street,35.88,-80.01,18657,38036,0,743,3,298512000,608576000,0,Normal,Very Good
1496,20,65,1999,9,Male,9895 El Camino Boulevard,41.75,-70.61,23909,48747,171249,713,3,382544000,779952000,2739984000,Boros,Good
853,29,67,1990,8,Female,225 Lake Boulevard,42.46,-83.37,36817,75070,161525,723,1,589072000,1201120000,2584400000,Boros,Good
237,42,72,1977,8,Male,331 Oak Lane,37.96,-121.76,28733,58584,99235,563,2,459728000,937344000,1587760000,Boros,Poor
769,53,66,1966,10,Female,1132 Hill Street,36.2,-81.66,19604,39974,77967,644,2,313664000,639584000,1247472000,Normal,Fair
2,48,64,1971,8,Male,6035 Forest Avenue,40.84,-73.87,13461,27447,80850,673,5,215376000,439152000,1293600000,Hemat,Good
313,32,68,1987,6,Female,9384 Ocean Avenue,36.73,-95.94,16453,33548,31183,693,2,263248000,536768000,498928000,Hemat,Good
1624,23,74,1996,7,Male,613 First Boulevard,40.07,-80.89,20697,42200,28557,769,2,331152000,675200000,456912000,Normal,Very Good
958,18,65,2001,9,Female,141 Sixth Boulevard,32.38,-83.35,16413,33459,37753,705,3,262608000,535344000,604048000,Hemat,Good
989,78,66,1941,9,Male,6283 Rose Avenue,38.87,-77.4,46175,113514,16524,727,8,738800000,1816224000,264384000,Boros,Good
1562,38,65,1982,2,Female,8 Hillside Lane,36.26,-94.69,12517,25524,69401,759,3,200272000,408384000,1110416000,Hemat,Very Good
1983,50,67,1969,3,Male,655 George Boulevard,33.55,-117.78,69236,141161,0,773,3,1107776000,2258576000,0,Boros,Very Good
1091,32,66,1987,5,Female,52292 East Street,39.3,-76.61,26431,53890,252106,656,4,422896000,862240000,4033696000,Boros,Fair
759,60,65,1959,12,Male,575 Bayview Lane,35.92,-86.84,36563,74550,37427,687,4,585008000,1192800000,598832000,Boros,Good
779,81,69,1938,3,Female,44 Valley Boulevard,33.77,-96.67,20874,32669,1433,755,5,333984000,522704000,22928000,Hemat,Very Good
105,54,68,1965,8,Male,420 Oak Drive,41.47,-75.57,18432,37579,0,742,5,294912000,601264000,0,Normal,Very Good
1618,53,66,1966,12,Male,3512 Forest Street,40.91,-73.82,34646,70634,155651,682,4,554336000,1130144000,2490416000,Boros,Good
1168,51,68,1968,10,Male,207 Ocean View Street,40.67,-74.42,53790,109673,242379,505,1,860640000,1754768000,3878064000,Boros,Poor
1237,46,66,1973,9,Female,3276 Maple Street,42.37,-87.86,15770,32150,47179,717,6,252320000,514400000,754864000,Hemat,Good
699,42,68,1978,2,Male,9141 Ocean View Lane,41.48,-91.57,22308,45475,68358,698,3,356928000,727600000,1093728000,Normal,Good
646,38,65,1981,12,Female,354 Federal Street,41.47,-81.67,21402,43634,73037,786,3,342432000,698144000,1168592000,Normal,Very Good
499,23,66,1996,9,Male,8373 Birch Boulevard,40.71,-73.99,18525,37769,1412,742,2,296400000,604304000,22592000,Normal,Very Good
1403,74,61,1945,11,Male,316 Grant Drive,37.94,-77.65,25937,24545,22488,753,2,414992000,392720000,359808000,Hemat,Very Good
631,83,65,1936,5,Female,273 Elm Drive,35.46,-97.51,17070,33811,2206,682,7,273120000,540976000,35296000,Hemat,Good
1070,61,65,1958,11,Male,841 Wessex Boulevard,42.03,-91.58,25275,51528,58509,745,6,404400000,824448000,936144000,Boros,Very Good
291,64,66,1956,1,Female,682 Federal Lane,34.76,-84.97,19818,40407,62695,793,3,317088000,646512000,1003120000,Normal,Very Good
738,57,67,1962,10,Female,15664 Lafayette Street,40.02,-105.25,31377,63974,131731,707,4,502032000,1023584000,2107696000,Boros,Good
142,59,68,1960,11,Female,723 Fourth Drive,41.9,-72.08,25399,51788,77642,675,2,406384000,828608000,1242272000,Boros,Good
1375,23,70,1996,4,Female,532 Lake Drive,38.64,-76.9,35114,71590,60635,717,2,561824000,1145440000,970160000,Boros,Good
459,65,70,1954,5,Male,9079 Second Drive,33.36,-81.28,12387,25257,83995,734,6,198192000,404112000,1343920000,Hemat,Good
281,24,65,1996,2,Male,4779 Lafayette Avenue,41.15,-81.24,18907,38549,35691,684,2,302512000,616784000,571056000,Normal,Good
498,20,61,1999,6,Male,53 Elm Street,20.88,-156.5,22844,46580,91081,660,2,365504000,745280000,1457296000,Normal,Fair
55,61,68,1958,3,Female,3374 Littlewood Street,37.92,-122.34,21869,44583,85531,717,5,349904000,713328000,1368496000,Normal,Good
1370,62,66,1958,1,Female,99 Fifth Street,38.44,-121.3,25949,52908,109229,709,4,415184000,846528000,1747664000,Boros,Good
897,30,64,1989,8,Female,847 Martin Luther King Lane,31.07,-83.19,13238,26996,33332,501,2,211808000,431936000,533312000,Hemat,Poor
262,18,60,2002,2,Male,878 Summit Avenue,28.82,-96.98,16005,32635,47930,734,3,256080000,522160000,766880000,Hemat,Good
1781,29,53,1990,3,Male,73 South Lane,42.93,-75.46,17681,36050,45559,708,3,282896000,576800000,728944000,Normal,Good
457,34,65,1985,10,Female,378 West Boulevard,35.19,-80.83,17817,36324,56689,705,4,285072000,581184000,907024000,Normal,Good
160,44,68,1975,10,Male,1915 Catherine Boulevard,38.91,-75.43,18622,37965,69614,796,3,297952000,607440000,1113824000,Normal,Very Good
1655,57,63,1962,12,Male,2547 El Camino Street,42.24,-83.18,17094,34856,127313,830,3,273504000,557696000,2037008000,Hemat,Excellent
984,63,66,1956,3,Female,642 Ocean View Lane,28.3,-81.41,16150,32928,80794,850,5,258400000,526848000,1292704000,Hemat,Excellent
1329,24,68,1995,3,Female,6768 Federal Avenue,34.08,-117.46,13739,28011,20196,720,4,219824000,448176000,323136000,Hemat,Good
1535,59,64,1960,8,Male,8 Pine Street,38.87,-82.99,16336,33311,65822,590,2,261376000,532976000,1053152000,Hemat,Fair
1220,22,62,1997,4,Female,655 Mountain View Lane,41.7,-111.87,17093,34852,53830,641,1,273488000,557632000,861280000,Hemat,Fair
833,21,65,1998,11,Female,1425 Fifth Street,40.85,-74.1,21827,44501,37251,683,2,349232000,712016000,596016000,Normal,Good
295,53,69,1966,11,Male,914 Spruce Drive,40.79,-90.16,14739,30054,60128,681,1,235824000,480864000,962048000,Hemat,Good
1434,62,67,1957,10,Male,8278 Grant Lane,26.45,-80.08,20055,40891,61245,717,4,320880000,654256000,979920000,Normal,Good
208,37,66,1982,7,Female,6976 Ocean View Avenue,47.79,-122.2,33226,67747,76650,804,3,531616000,1083952000,1226400000,Boros,Excellent
1909,56,66,1963,5,Male,603 Lake Avenue,34.02,-118.28,13002,26510,53023,696,4,208032000,424160000,848368000,Hemat,Good
1356,84,70,1936,1,Male,9 Lafayette Lane,44.99,-91.72,19196,26676,1370,733,5,307136000,426816000,21920000,Hemat,Good
265,44,70,1975,10,Female,68 Rose Boulevard,27.8,-97.39,22314,45497,101549,713,3,357024000,727952000,1624784000,Normal,Good
1947,87,66,1932,4,Male,770 Maple Street,31.62,-82.88,14060,27971,1265,765,4,224960000,447536000,20240000,Hemat,Very Good
1089,31,75,1988,9,Female,2725 Jefferson Drive,38.22,-85.74,25258,51501,140481,729,3,404128000,824016000,2247696000,Boros,Good
1790,21,69,1998,3,Male,727 Valley Stream Boulevard,41.24,-73.31,55814,113797,169684,660,1,893024000,1820752000,2714944000,Boros,Fair
1999,19,69,2000,12,Male,1749 Spruce Street,31.06,-98.18,16744,34134,0,683,2,267904000,546144000,0,Hemat,Good
614,84,66,1935,9,Female,129 Sussex Street,35.4,-80.59,20570,16430,2873,779,7,329120000,262880000,45968000,Hemat,Very Good
814,72,65,1948,1,Male,9380 Hill Drive,27.98,-80.66,15318,16302,14408,748,4,245088000,260832000,230528000,Hemat,Very Good
175,33,63,1986,6,Female,8740 Lafayette Drive,40.68,-73.37,26528,54091,165960,675,1,424448000,865456000,2655360000,Boros,Good
305,51,65,1968,10,Male,9070 Third Boulevard,44.37,-73.4,14415,29388,21221,755,3,230640000,470208000,339536000,Hemat,Very Good
1225,54,70,1965,11,Male,6831 Valley Boulevard,37.97,-122.5,30819,62837,86171,850,3,493104000,1005392000,1378736000,Boros,Excellent
1405,45,71,1974,4,Male,70 Tenth Boulevard,47.91,-97.07,23910,48755,37315,777,8,382560000,780080000,597040000,Boros,Very Good
1478,39,66,1980,10,Female,3863 River Avenue,38.93,-121.25,21829,44506,57994,849,3,349264000,712096000,927904000,Normal,Excellent
1920,64,66,1955,7,Male,3315 Lake Lane,46.04,-95.29,15325,31244,51924,713,4,245200000,499904000,830784000,Hemat,Good
241,58,67,1961,4,Female,6077 Sixth Avenue,34.93,-79.76,15009,30605,16549,737,5,240144000,489680000,264784000,Hemat,Good
331,34,68,1985,6,Male,30 Catherine Street,33.44,-79.56,14669,29907,16764,732,2,234704000,478512000,268224000,Hemat,Good
8,21,69,1998,8,Male,41 East Boulevard,27.95,-82.48,18881,38497,33413,699,2,302096000,615952000,534608000,Normal,Good
1354,34,59,1985,4,Male,7401 Seventh Street,35.46,-86.08,16349,33336,48213,692,3,261584000,533376000,771408000,Hemat,Good
1258,79,65,1940,5,Female,265 Little Creek Street,33.99,-117.53,19851,15470,15349,789,7,317616000,247520000,245584000,Hemat,Very Good
919,54,62,1965,3,Female,1635 Sussex Lane,38.81,-76.75,33295,67890,112564,698,2,532720000,1086240000,1801024000,Boros,Good
1447,33,60,1987,2,Male,338 George Avenue,47.49,-122.1,33714,68741,203172,610,1,539424000,1099856000,3250752000,Boros,Fair
902,31,64,1988,4,Male,5157 Seventh Drive,33.15,-117.17,22081,45025,62719,635,1,353296000,720400000,1003504000,Normal,Fair
1318,18,65,2002,2,Female,521 Mountain View Lane,35.55,-117.67,22397,45664,0,778,4,358352000,730624000,0,Normal,Very Good
1545,20,63,1999,12,Male,1433 Rose Boulevard,33.73,-117.05,15144,30882,60484,807,3,242304000,494112000,967744000,Hemat,Excellent
1001,20,62,1999,10,Male,6223 Maple Lane,36.56,-82.19,17795,36283,60989,716,1,284720000,580528000,975824000,Normal,Good
1315,57,70,1962,8,Female,759 Madison Drive,38.61,-88.78,15976,32576,0,753,4,255616000,521216000,0,Hemat,Very Good
323,54,66,1965,7,Male,782 Hill Lane,36.6,-119.75,13093,26696,0,683,5,209488000,427136000,0,Hemat,Good
625,19,66,2000,12,Female,4135 Valley Stream Lane,36.33,-82.36,23224,47350,47026,680,1,371584000,757600000,752416000,Normal,Good
979,59,62,1961,2,Male,621 Rose Avenue,34.06,-117.79,16025,32678,44434,693,3,256400000,522848000,710944000,Hemat,Good
537,19,71,2000,10,Female,35 Fifth Street,38.01,-121.38,31600,64428,122968,703,2,505600000,1030848000,1967488000,Boros,Good
1096,59,67,1960,10,Male,1089 Norfolk Avenue,43.04,-76.14,20294,41379,95988,681,2,324704000,662064000,1535808000,Normal,Good
1347,64,64,1955,5,Female,893 Littlewood Lane,35.73,-77.92,23756,55418,20950,590,3,380096000,886688000,335200000,Boros,Fair
1395,58,65,1961,9,Male,2687 Burns Avenue,40.98,-74.11,75378,153691,197377,604,2,1206048000,2459056000,3158032000,Boros,Fair
1614,40,70,1979,9,Female,7072 Mountain View Avenue,35.48,-96.89,17730,36152,81345,716,1,283680000,578432000,1301520000,Normal,Good
1212,33,58,1987,2,Male,3904 Martin Luther King Drive,34.98,-80.54,19605,39975,52575,810,1,313680000,639600000,841200000,Normal,Excellent
1588,42,69,1977,8,Male,74 Sixth Avenue,41.26,-96.01,28553,58223,128784,689,2,456848000,931568000,2060544000,Boros,Good
121,34,66,1985,11,Female,71858 Mountain View Street,44.21,-88.43,22277,45419,124370,721,3,356432000,726704000,1989920000,Normal,Good
1773,22,70,1997,9,Male,675 Norfolk Drive,29.76,-95.38,26420,53873,76960,742,1,422720000,861968000,1231360000,Boros,Very Good
1859,68,66,1952,1,Male,530 Federal Drive,41.44,-74.42,22621,38689,8942,836,5,361936000,619024000,143072000,Normal,Excellent
1339,25,70,1994,8,Male,9181 Elm Avenue,38.01,-121.38,31600,64429,136163,773,2,505600000,1030864000,2178608000,Boros,Very Good
1894,21,70,1999,1,Female,6595 Summit Boulevard,41.51,-93.48,23347,47602,89319,790,2,373552000,761632000,1429104000,Normal,Very Good
77,99,67,1920,10,Female,596 Ninth Street,40.24,-76.92,25336,51110,3781,709,8,405376000,817760000,60496000,Boros,Good
1222,42,66,1977,12,Female,1957 Park Lane,42.39,-113.78,14094,28738,48786,600,1,225504000,459808000,780576000,Hemat,Fair
363,52,66,1967,9,Female,7508 Grant Street,27.9,-82.78,23878,48686,113137,701,3,382048000,778976000,1810192000,Boros,Good
634,49,74,1970,8,Female,5063 Seventh Avenue,41.38,-81.64,24071,49079,6494,683,4,385136000,785264000,103904000,Boros,Good
628,57,66,1963,1,Male,4 George Lane,40.0,-75.26,52517,107075,75999,815,3,840272000,1713200000,1215984000,Boros,Excellent
756,66,65,1953,10,Female,8651 North Boulevard,39.64,-84.08,28466,59251,29300,679,1,455456000,948016000,468800000,Boros,Good
971,20,66,1999,10,Female,711 Tenth Street,33.37,-84.78,19899,40572,0,732,5,318384000,649152000,0,Normal,Good
111,25,65,1994,10,Female,3124 Madison Drive,33.79,-82.47,14717,30004,67526,738,3,235472000,480064000,1080416000,Hemat,Good
312,18,68,2002,2,Female,4949 South Avenue,39.69,-76.06,23383,47672,115371,767,4,374128000,762752000,1845936000,Normal,Very Good
1627,29,65,1990,6,Male,323 Mountain View Lane,30.65,-93.89,18424,37568,53323,825,1,294784000,601088000,853168000,Normal,Excellent
1359,35,70,1984,7,Female,316 Lexington Boulevard,36.67,-76.3,22084,45025,49878,691,2,353344000,720400000,798048000,Normal,Good
174,23,69,1996,4,Female,4822 Jefferson Avenue,38.35,-81.63,21899,44644,83108,716,3,350384000,714304000,1329728000,Normal,Good
420,22,62,1998,2,Male,1651 Oak Drive,33.82,-117.91,16252,33140,51305,744,1,260032000,530240000,820880000,Hemat,Very Good
488,34,69,1985,6,Male,927 River Street,27.92,-97.29,15758,32126,54351,745,2,252128000,514016000,869616000,Hemat,Very Good
7,74,61,1945,5,Male,124 Madison Lane,39.3,-76.61,20919,32682,21379,650,3,334704000,522912000,342064000,Hemat,Fair
863,60,68,1959,12,Female,256 Ocean Drive,35.4,-93.11,16877,34406,1636,774,3,270032000,550496000,26176000,Hemat,Very Good
1854,48,69,1972,1,Male,4405 Wessex Drive,35.06,-85.25,23706,48337,70603,625,2,379296000,773392000,1129648000,Boros,Fair
1041,48,62,1971,9,Female,6144 Summit Street,34.87,-85.5,15950,32522,50155,639,1,255200000,520352000,802480000,Hemat,Fair
1616,48,70,1971,8,Male,469 First Lane,33.0,-97.23,46232,94260,39326,815,4,739712000,1508160000,629216000,Boros,Excellent
1805,38,68,1981,5,Male,679 Bayview Lane,45.99,-84.36,13053,26613,17008,718,2,208848000,425808000,272128000,Hemat,Good
1284,50,64,1969,9,Female,8990 Plum Street,41.76,-70.08,19591,39947,57346,765,2,313456000,639152000,917536000,Normal,Very Good
1735,56,66,1963,5,Male,9291 Jefferson Drive,27.64,-80.39,17942,36583,56310,614,6,287072000,585328000,900960000,Normal,Fair
1528,78,73,1942,1,Female,324 Lafayette Drive,32.61,-93.28,17311,27992,1058,695,6,276976000,447872000,16928000,Hemat,Good
1278,19,70,2000,9,Male,1804 Madison Lane,39.98,-82.98,13938,28417,25959,684,3,223008000,454672000,415344000,Hemat,Good
591,50,60,1969,11,Male,320 Second Street,34.97,-89.99,18861,38458,65836,696,3,301776000,615328000,1053376000,Normal,Good
97,69,60,1950,3,Female,93 Mill Drive,35.97,-83.94,19596,32952,5077,765,1,313536000,527232000,81232000,Hemat,Very Good
31,51,65,1968,6,Female,413 East Boulevard,41.62,-87.72,22348,45570,0,712,3,357568000,729120000,0,Normal,Good
1380,37,66,1982,9,Male,566 Lexington Drive,33.62,-112.13,20815,42444,77510,736,2,333040000,679104000,1240160000,Normal,Good
1240,56,67,1963,5,Female,899 Maple Street,40.26,-81.84,15603,31814,43140,693,3,249648000,509024000,690240000,Hemat,Good
932,67,69,1953,2,Male,295 West Avenue,32.36,-92.97,16760,34172,71366,811,6,268160000,546752000,1141856000,Hemat,Excellent
378,18,60,2001,5,Female,512 Second Avenue,46.21,-119.16,18753,38241,81833,596,1,300048000,611856000,1309328000,Normal,Fair
647,31,72,1988,7,Female,27 Birch Avenue,36.52,-119.39,13194,26900,74083,758,2,211104000,430400000,1185328000,Hemat,Very Good
391,85,66,1934,7,Female,31 Hill Boulevard,33.69,-78.89,19025,35270,1769,731,6,304400000,564320000,28304000,Hemat,Good
588,21,66,1998,6,Male,2183 Catherine Boulevard,38.47,-90.75,23106,47109,76035,844,3,369696000,753744000,1216560000,Normal,Excellent
986,32,70,1987,7,Male,6577 Lexington Lane,40.65,-73.58,23550,48010,87837,703,3,376800000,768160000,1405392000,Boros,Good
1944,62,65,1957,11,Female,2 Elm Drive,38.95,-84.54,24218,49378,104480,740,4,387488000,790048000,1671680000,Boros,Very Good
185,47,67,1973,1,Female,276 Fifth Boulevard,40.66,-74.19,15175,30942,71066,779,3,242800000,495072000,1137056000,Hemat,Very Good
1007,66,60,1954,2,Male,259 Valley Boulevard,40.24,-76.92,25336,54654,27241,618,1,405376000,874464000,435856000,Boros,Fair
1110,21,60,1998,11,Female,472 Ocean View Street,42.86,-71.48,32325,65909,181261,673,2,517200000,1054544000,2900176000,Boros,Good
